subject	channel	event	p3_window_start	p3_window_end	p3_latency	p3_amplitude	zero_crossing_latency	auc_uV_s	baseline_amplitude_uV	p3_baseline_ratio
sub-57953	E1	DIN2	0.357	0.507	0.432	-8.776115	0.3088059	-0.3970491	1.007817	8.055486
sub-57953	E1	DIN1	0.357	0.507	0.432	0.7679361	0.3088059	-0.07936697	1.007817	8.055486
sub-57953	E2	DIN2	0.357	0.507	0.472	-8.03667	0.3083982	-0.6790853	1.007817	8.055486
sub-57953	E2	DIN1	0.357	0.507	0.472	-0.5117922	0.3083982	-0.003746909	1.007817	8.055486
sub-57953	E3	DIN2	0.357	0.507	0.472	-6.528968	0.3090065	-0.5074053	1.007817	8.055486
sub-57953	E3	DIN1	0.357	0.507	0.472	-0.6441121	0.3090065	-0.0380263	1.007817	8.055486
sub-57953	E4	DIN2	0.357	0.507	0.472	-7.713307	0.3092466	-0.6265016	1.007817	8.055486
sub-57953	E4	DIN1	0.357	0.507	0.472	-1.244506	0.3092466	-0.1671747	1.007817	8.055486
sub-57953	E5	DIN2	0.357	0.507	0.472	-7.68925	0.3041272	-0.7257384	1.007817	8.055486
sub-57953	E5	DIN1	0.357	0.507	0.472	-1.217111	0.3041272	-0.1313373	1.007817	8.055486
sub-57953	E6	DIN2	0.357	0.507	0.472	-4.082815	0.2957915	-0.3571097	1.007817	8.055486
sub-57953	E6	DIN1	0.357	0.507	0.472	-0.6857403	0.2957915	-0.02969477	1.007817	8.055486
sub-57953	E7	DIN2	0.357	0.507	0.412	6.023898	0.3809815	0.08368874	1.007817	8.055486
sub-57953	E7	DIN1	0.357	0.507	0.412	-0.6517184	0.3809815	-0.02480823	1.007817	8.055486
sub-57953	E8	DIN2	0.357	0.507	0.432	19.46303	0.3701981	0.5982028	1.007817	8.055486
sub-57953	E8	DIN1	0.357	0.507	0.432	-2.136754	0.3701981	-0.04445906	1.007817	8.055486
sub-57953	E9	DIN2	0.357	0.507	0.432	10.02804	0.3690663	0.3176099	1.007817	8.055486
sub-57953	E9	DIN1	0.357	0.507	0.432	-1.252033	0.3690663	-0.03093561	1.007817	8.055486
sub-57953	E10	DIN2	0.357	0.507	0.432	-9.490583	0.3086119	-0.4632478	1.007817	8.055486
sub-57953	E10	DIN1	0.357	0.507	0.432	1.157315	0.3086119	-0.07159978	1.007817	8.055486
sub-57953	E11	DIN2	0.357	0.507	0.472	-9.479108	0.3080442	-0.9035589	1.007817	8.055486
sub-57953	E11	DIN1	0.357	0.507	0.472	-2.348051	0.3080442	-0.3035626	1.007817	8.055486
sub-57953	E12	DIN2	0.357	0.507	0.476	-7.560697	0.3221232	-0.6395718	1.007817	8.055486
sub-57953	E12	DIN1	0.357	0.507	0.476	-2.310505	0.3221232	-0.2670768	1.007817	8.055486
sub-57953	E13	DIN2	0.357	0.507	0.472	-8.675757	0.3056515	-0.8909608	1.007817	8.055486
sub-57953	E13	DIN1	0.357	0.507	0.472	-1.758	0.3056515	-0.2150394	1.007817	8.055486
sub-57953	E14	DIN2	0.357	0.507	0.376	-3.109083	0.3014367	-0.1155348	1.007817	8.055486
sub-57953	E14	DIN1	0.357	0.507	0.376	-0.823392	0.3014367	2.007745e-05	1.007817	8.055486
sub-57953	E15	DIN2	0.357	0.507	0.376	-2.043895	0.1889368	-0.2384662	1.007817	8.055486
sub-57953	E15	DIN1	0.357	0.507	0.376	-0.6488056	0.1889368	-0.148028	1.007817	8.055486
sub-57953	E16	DIN2	0.357	0.507	0.432	1.57525	0.4045704	0.03152351	1.007817	8.055486
sub-57953	E16	DIN1	0.357	0.507	0.432	-0.5399484	0.4045704	-0.01371097	1.007817	8.055486
sub-57953	E17	DIN2	0.357	0.507	0.476	1.487461	0.4055854	0.06768149	1.007817	8.055486
sub-57953	E17	DIN1	0.357	0.507	0.476	0.004653304	0.4055854	-0.0153474	1.007817	8.055486
sub-57953	E18	DIN2	0.357	0.507	0.472	-8.975348	0.3087934	-0.7257871	1.007817	8.055486
sub-57953	E18	DIN1	0.357	0.507	0.472	0.2059212	0.3087934	0.03623721	1.007817	8.055486
sub-57953	E19	DIN2	0.357	0.507	0.432	-9.708337	0.3086222	-0.5623715	1.007817	8.055486
sub-57953	E19	DIN1	0.357	0.507	0.432	-0.2321883	0.3086222	-0.1477194	1.007817	8.055486
sub-57953	E20	DIN2	0.357	0.507	0.46	-10.4796	0.3037755	-0.9779292	1.007817	8.055486
sub-57953	E20	DIN1	0.357	0.507	0.46	-1.259994	0.3037755	-0.2362923	1.007817	8.055486
sub-57953	E21	DIN2	0.357	0.507	0.432	-8.082793	0.3042661	-0.5657593	1.007817	8.055486
sub-57953	E21	DIN1	0.357	0.507	0.432	-0.4725116	0.3042661	-0.1550794	1.007817	8.055486
sub-57953	E22	DIN2	0.357	0.507	0.388	-4.277709	0.3005795	-0.1650558	1.007817	8.055486
sub-57953	E22	DIN1	0.357	0.507	0.388	-0.6437941	0.3005795	-0.01288766	1.007817	8.055486
sub-57953	E23	DIN2	0.357	0.507	0.388	-2.888054	0.1865507	-0.2156309	1.007817	8.055486
sub-57953	E23	DIN1	0.357	0.507	0.388	-0.4915921	0.1865507	-0.1079203	1.007817	8.055486
sub-57953	E24	DIN2	0.357	0.507	0.444	-1.549355	0.05767081	-0.319286	1.007817	8.055486
sub-57953	E24	DIN1	0.357	0.507	0.444	-0.1479383	0.05767081	-0.07985324	1.007817	8.055486
sub-57953	E25	DIN2	0.357	0.507	0.46	-10.87407	0.3170952	-0.8545569	1.007817	8.055486
sub-57953	E25	DIN1	0.357	0.507	0.46	-0.6756138	0.3170952	-0.1217258	1.007817	8.055486
sub-57953	E26	DIN2	0.357	0.507	0.432	-10.48283	0.3061046	-0.6657767	1.007817	8.055486
sub-57953	E26	DIN1	0.357	0.507	0.432	-0.3451115	0.3061046	-0.1900909	1.007817	8.055486
sub-57953	E27	DIN2	0.357	0.507	0.432	-10.21807	0.3030161	-0.8173212	1.007817	8.055486
sub-57953	E27	DIN1	0.357	0.507	0.432	0.02005987	0.3030161	-0.2134983	1.007817	8.055486
sub-57953	E28	DIN2	0.357	0.507	0.412	-6.83293	0.3058527	-0.3093774	1.007817	8.055486
sub-57953	E28	DIN1	0.357	0.507	0.412	-0.9975167	0.3058527	-0.07256815	1.007817	8.055486
sub-57953	E29	DIN2	0.357	0.507	0.412	-5.261322	0.3044646	-0.2831164	1.007817	8.055486
sub-57953	E29	DIN1	0.357	0.507	0.412	-0.6832664	0.3044646	-0.04332484	1.007817	8.055486
sub-57953	E30	DIN2	0.357	0.507	0.412	-2.931233	0.2442933	-0.2009424	1.007817	8.055486
sub-57953	E30	DIN1	0.357	0.507	0.412	-0.6377322	0.2442933	-0.05115689	1.007817	8.055486
sub-57953	E31	DIN2	0.357	0.507	0.432	-12.02048	0.3092119	-0.6048823	1.007817	8.055486
sub-57953	E31	DIN1	0.357	0.507	0.432	0.8229477	0.3092119	-0.1160319	1.007817	8.055486
sub-57953	E32	DIN2	0.357	0.507	0.472	-10.92261	0.3064353	-0.9978461	1.007817	8.055486
sub-57953	E32	DIN1	0.357	0.507	0.472	-0.717929	0.3064353	-0.09098247	1.007817	8.055486
sub-57953	E33	DIN2	0.357	0.507	0.432	-10.67061	0.3041296	-0.7206869	1.007817	8.055486
sub-57953	E33	DIN1	0.357	0.507	0.432	-1.845793	0.3041296	-0.2585206	1.007817	8.055486
sub-57953	E34	DIN2	0.357	0.507	0.432	-10.56167	0.3246908	-0.595154	1.007817	8.055486
sub-57953	E34	DIN1	0.357	0.507	0.432	-0.3677173	0.3246908	-0.1540835	1.007817	8.055486
sub-57953	E35	DIN2	0.357	0.507	0.412	-6.125223	0.3068174	-0.3187164	1.007817	8.055486
sub-57953	E35	DIN1	0.357	0.507	0.412	-1.209769	0.3068174	-0.06508253	1.007817	8.055486
sub-57953	E36	DIN2	0.357	0.507	0.412	-4.485189	0.3051101	-0.2076265	1.007817	8.055486
sub-57953	E36	DIN1	0.357	0.507	0.412	-0.6512055	0.3051101	-0.05764331	1.007817	8.055486
sub-57953	E37	DIN2	0.357	0.507	0.432	-11.1867	0.3020181	-0.704841	1.007817	8.055486
sub-57953	E37	DIN1	0.357	0.507	0.432	1.384961	0.3020181	-0.02594936	1.007817	8.055486
sub-57953	E38	DIN2	0.357	0.507	0.412	-10.0679	0.316411	-0.4100724	1.007817	8.055486
sub-57953	E38	DIN1	0.357	0.507	0.412	-0.7493513	0.316411	-0.06872313	1.007817	8.055486
sub-57953	E39	DIN2	0.357	0.507	0.412	-8.27759	0.3041917	-0.4611361	1.007817	8.055486
sub-57953	E39	DIN1	0.357	0.507	0.412	-0.8631486	0.3041917	-0.06295633	1.007817	8.055486
sub-57953	E40	DIN2	0.357	0.507	0.412	-4.604305	0.3063622	-0.1948303	1.007817	8.055486
sub-57953	E40	DIN1	0.357	0.507	0.412	-0.5996906	0.3063622	-0.06503373	1.007817	8.055486
sub-57953	E41	DIN2	0.357	0.507	0.412	-2.547462	0.3043258	-0.129894	1.007817	8.055486
sub-57953	E41	DIN1	0.357	0.507	0.412	-0.5368213	0.3043258	-0.02238674	1.007817	8.055486
sub-57953	E42	DIN2	0.357	0.507	0.408	-1.583867	0.3710076	-0.03250275	1.007817	8.055486
sub-57953	E42	DIN1	0.357	0.507	0.408	-0.3222299	0.3710076	-0.006690462	1.007817	8.055486
sub-57953	E43	DIN2	0.357	0.507	0.472	1.346284	0.4465333	0.01527109	1.007817	8.055486
sub-57953	E43	DIN1	0.357	0.507	0.472	0.164479	0.4465333	-0.002549796	1.007817	8.055486
sub-57953	E44	DIN2	0.357	0.507	0.472	2.982106	0.3640085	0.183352	1.007817	8.055486
sub-57953	E44	DIN1	0.357	0.507	0.472	0.2605924	0.3640085	-0.0102719	1.007817	8.055486
sub-57953	E45	DIN2	0.357	0.507	0.432	12.05375	0.3691154	0.3829141	1.007817	8.055486
sub-57953	E45	DIN1	0.357	0.507	0.432	-1.18687	0.3691154	-0.02022481	1.007817	8.055486
sub-57953	E46	DIN2	0.357	0.507	0.412	-9.551135	0.3059217	-0.3670906	1.007817	8.055486
sub-57953	E46	DIN1	0.357	0.507	0.412	-0.1830701	0.3059217	-0.08490376	1.007817	8.055486
sub-57953	E47	DIN2	0.357	0.507	0.412	-7.626373	0.3060369	-0.2986963	1.007817	8.055486
sub-57953	E47	DIN1	0.357	0.507	0.412	-0.09326621	0.3060369	-0.06786049	1.007817	8.055486
sub-57953	E48	DIN2	0.357	0.507	0.412	-5.27411	0.3167325	-0.1761896	1.007817	8.055486
sub-57953	E48	DIN1	0.357	0.507	0.412	-0.09762087	0.3167325	-0.04726992	1.007817	8.055486
sub-57953	E49	DIN2	0.357	0.507	0.412	-2.914043	0.2685968	-0.1624228	1.007817	8.055486
sub-57953	E49	DIN1	0.357	0.507	0.412	-0.5006336	0.2685968	-0.05006277	1.007817	8.055486
sub-57953	E50	DIN2	0.357	0.507	0.408	-2.375595	0.2463881	-0.1252434	1.007817	8.055486
sub-57953	E50	DIN1	0.357	0.507	0.408	-0.1308208	0.2463881	-0.03598175	1.007817	8.055486
sub-57953	E51	DIN2	0.357	0.507	0.404	-1.103449	0.379997	-0.01218229	1.007817	8.055486
sub-57953	E51	DIN1	0.357	0.507	0.404	0.190609	0.379997	0.001531879	1.007817	8.055486
sub-57953	E52	DIN2	0.357	0.507	0.472	1.834847	0.4068463	0.07586384	1.007817	8.055486
sub-57953	E52	DIN1	0.357	0.507	0.472	0.1558349	0.4068463	-0.009620368	1.007817	8.055486
sub-57953	E53	DIN2	0.357	0.507	0.472	3.825754	0.3367016	0.2635891	1.007817	8.055486
sub-57953	E53	DIN1	0.357	0.507	0.472	0.2986234	0.3367016	0.007300274	1.007817	8.055486
sub-57953	E54	DIN2	0.357	0.507	0.412	-8.494803	0.3073296	-0.3026368	1.007817	8.055486
sub-57953	E54	DIN1	0.357	0.507	0.412	-0.01666103	0.3073296	-0.1054797	1.007817	8.055486
sub-57953	E55	DIN2	0.357	0.507	0.412	-6.893332	0.3074429	-0.225234	1.007817	8.055486
sub-57953	E55	DIN1	0.357	0.507	0.412	-0.1197602	0.3074429	-0.07187537	1.007817	8.055486
sub-57953	E56	DIN2	0.357	0.507	0.412	-5.456969	0.307218	-0.1843534	1.007817	8.055486
sub-57953	E56	DIN1	0.357	0.507	0.412	-0.2768504	0.307218	-0.0542994	1.007817	8.055486
sub-57953	E57	DIN2	0.357	0.507	0.408	-2.260552	0.3185766	-0.089689	1.007817	8.055486
sub-57953	E57	DIN1	0.357	0.507	0.408	-0.1166602	0.3185766	-0.01316392	1.007817	8.055486
sub-57953	E58	DIN2	0.357	0.507	0.404	-1.768257	0.3776545	-0.02389568	1.007817	8.055486
sub-57953	E58	DIN1	0.357	0.507	0.404	0.3487317	0.3776545	0.003564647	1.007817	8.055486
sub-57953	E59	DIN2	0.357	0.507	0.476	1.705002	0.4085979	0.06490979	1.007817	8.055486
sub-57953	E59	DIN1	0.357	0.507	0.476	0.07540292	0.4085979	-0.002991625	1.007817	8.055486
sub-57953	E60	DIN2	0.357	0.507	0.46	2.372912	0.3257174	0.1511362	1.007817	8.055486
sub-57953	E60	DIN1	0.357	0.507	0.46	-0.2022304	0.3257174	0.01972567	1.007817	8.055486
sub-57953	E61	DIN2	0.357	0.507	0.412	-6.316836	0.3651173	-0.109147	1.007817	8.055486
sub-57953	E61	DIN1	0.357	0.507	0.412	-0.2118189	0.3651173	-0.002589766	1.007817	8.055486
sub-57953	E62	DIN2	0.357	0.507	0.412	-6.031247	0.3641883	-0.1178883	1.007817	8.055486
sub-57953	E62	DIN1	0.357	0.507	0.412	0.1305778	0.3641883	0.009603407	1.007817	8.055486
sub-57953	E63	DIN2	0.357	0.507	0.412	-4.357319	0.3061051	-0.1561378	1.007817	8.055486
sub-57953	E63	DIN1	0.357	0.507	0.412	-0.2731175	0.3061051	-0.04157697	1.007817	8.055486
sub-57953	E64	DIN2	0.357	0.507	0.408	-2.305269	0.3680034	-0.05135546	1.007817	8.055486
sub-57953	E64	DIN1	0.357	0.507	0.408	-0.13041	0.3680034	-0.002684168	1.007817	8.055486
sub-57953	E65	DIN2	0.357	0.507	0.404	-1.687106	0.3795498	-0.0177291	1.007817	8.055486
sub-57953	E65	DIN1	0.357	0.507	0.404	0.3642944	0.3795498	0.00565047	1.007817	8.055486
sub-57953	E66	DIN2	0.357	0.507	0.472	1.327932	0.4080878	0.05150113	1.007817	8.055486
sub-57953	E66	DIN1	0.357	0.507	0.472	0.2117945	0.4080878	0.0009888336	1.007817	8.055486
sub-57953	E67	DIN2	0.357	0.507	0.412	-7.995934	0.3659726	-0.1263758	1.007817	8.055486
sub-57953	E67	DIN1	0.357	0.507	0.412	0.7794142	0.3659726	0.03617183	1.007817	8.055486
sub-57953	E68	DIN2	0.357	0.507	0.412	-6.46508	0.3660448	-0.1009483	1.007817	8.055486
sub-57953	E68	DIN1	0.357	0.507	0.412	0.1754609	0.3660448	0.0201607	1.007817	8.055486
sub-57953	E69	DIN2	0.357	0.507	0.412	-6.001478	0.3643307	-0.1125696	1.007817	8.055486
sub-57953	E69	DIN1	0.357	0.507	0.412	0.0378872	0.3643307	0.00737493	1.007817	8.055486
sub-57953	E70	DIN2	0.357	0.507	0.408	-2.415579	0.3770698	-0.04137006	1.007817	8.055486
sub-57953	E70	DIN1	0.357	0.507	0.408	-0.1296136	0.3770698	-0.002031717	1.007817	8.055486
sub-57953	E71	DIN2	0.357	0.507	0.404	-1.377816	0.3814079	-0.01558916	1.007817	8.055486
sub-57953	E71	DIN1	0.357	0.507	0.404	0.4040092	0.3814079	0.004754876	1.007817	8.055486
sub-57953	E72	DIN2	0.357	0.507	0.46	1.172674	0.4466693	0.007825131	1.007817	8.055486
sub-57953	E72	DIN1	0.357	0.507	0.46	-0.1561205	0.4466693	-0.003711997	1.007817	8.055486
sub-57953	E73	DIN2	0.357	0.507	0.46	-8.64627	0.3657812	-0.5107204	1.007817	8.055486
sub-57953	E73	DIN1	0.357	0.507	0.46	-0.6576066	0.3657812	0.07959744	1.007817	8.055486
sub-57953	E74	DIN2	0.357	0.507	0.408	-2.053894	0.3788829	-0.03549904	1.007817	8.055486
sub-57953	E74	DIN1	0.357	0.507	0.408	0.176362	0.3788829	0.005092701	1.007817	8.055486
sub-57953	E75	DIN2	0.357	0.507	0.404	-2.365757	0.3779199	-0.02717182	1.007817	8.055486
sub-57953	E75	DIN1	0.357	0.507	0.404	0.2821741	0.3779199	0.007229371	1.007817	8.055486
sub-57953	E76	DIN2	0.357	0.507	0.46	1.377365	0.4453332	0.01119622	1.007817	8.055486
sub-57953	E76	DIN1	0.357	0.507	0.46	-0.07185113	0.4453332	-0.003829754	1.007817	8.055486
sub-57953	E77	DIN2	0.357	0.507	0.46	1.726006	0.3337007	0.09168492	1.007817	8.055486
sub-57953	E77	DIN1	0.357	0.507	0.46	-0.2225279	0.3337007	0.03456607	1.007817	8.055486
sub-57953	E78	DIN2	0.357	0.507	0.46	2.89572	0.4040793	0.09379734	1.007817	8.055486
sub-57953	E78	DIN1	0.357	0.507	0.46	-0.2655748	0.4040793	-0.002944799	1.007817	8.055486
sub-57953	E79	DIN2	0.357	0.507	0.472	3.472919	0.4045321	0.1508701	1.007817	8.055486
sub-57953	E79	DIN1	0.357	0.507	0.472	0.5107005	0.4045321	0.01017607	1.007817	8.055486
sub-57953	E80	DIN2	0.357	0.507	0.432	12.92488	0.3685096	0.4162906	1.007817	8.055486
sub-57953	E80	DIN1	0.357	0.507	0.432	-1.287985	0.3685096	-0.02125508	1.007817	8.055486
sub-57953	E81	DIN2	0.357	0.507	0.432	14.95839	0.368073	0.4907435	1.007817	8.055486
sub-57953	E81	DIN1	0.357	0.507	0.432	-1.539799	0.368073	-0.02222545	1.007817	8.055486
sub-57953	E82	DIN2	0.357	0.507	0.472	-10.07616	0.3651529	-0.7054211	1.007817	8.055486
sub-57953	E82	DIN1	0.357	0.507	0.472	-0.9923631	0.3651529	0.008421188	1.007817	8.055486
sub-57953	E83	DIN2	0.357	0.507	0.408	-1.319952	0.382881	-0.02131977	1.007817	8.055486
sub-57953	E83	DIN1	0.357	0.507	0.408	0.4182796	0.382881	0.007466882	1.007817	8.055486
sub-57953	E84	DIN2	0.357	0.507	0.404	-1.585258	0.3830043	-0.01490551	1.007817	8.055486
sub-57953	E84	DIN1	0.357	0.507	0.404	0.5164348	0.3830043	0.005934153	1.007817	8.055486
sub-57953	E85	DIN2	0.357	0.507	0.404	-1.397914	0.3882183	-0.009424436	1.007817	8.055486
sub-57953	E85	DIN1	0.357	0.507	0.404	0.8250207	0.3882183	0.009596451	1.007817	8.055486
sub-57953	E86	DIN2	0.357	0.507	0.46	2.395746	0.4080214	0.05672592	1.007817	8.055486
sub-57953	E86	DIN1	0.357	0.507	0.46	-0.0510396	0.4080214	0.006078322	1.007817	8.055486
sub-57953	E87	DIN2	0.357	0.507	0.46	2.070682	0.4095421	0.03657376	1.007817	8.055486
sub-57953	E87	DIN1	0.357	0.507	0.46	-0.5859796	0.4095421	-0.01432202	1.007817	8.055486
sub-57953	E88	DIN2	0.357	0.507	0.46	3.392987	0.4057491	0.1063516	1.007817	8.055486
sub-57953	E88	DIN1	0.357	0.507	0.46	0.194011	0.4057491	0.01962129	1.007817	8.055486
sub-57953	E89	DIN2	0.357	0.507	0.432	12.99783	0.3687714	0.4112418	1.007817	8.055486
sub-57953	E89	DIN1	0.357	0.507	0.432	-1.244309	0.3687714	-0.01914463	1.007817	8.055486
sub-57953	E90	DIN2	0.357	0.507	0.432	15.37004	0.3677855	0.5048849	1.007817	8.055486
sub-57953	E90	DIN1	0.357	0.507	0.432	-1.52495	0.3677855	-0.02014432	1.007817	8.055486
sub-57953	E91	DIN2	0.357	0.507	0.416	-6.12643	0.3669399	-0.1338336	1.007817	8.055486
sub-57953	E91	DIN1	0.357	0.507	0.416	-0.160464	0.3669399	0.01168403	1.007817	8.055486
sub-57953	E92	DIN2	0.357	0.507	0.412	-5.033017	0.3670411	-0.08836294	1.007817	8.055486
sub-57953	E92	DIN1	0.357	0.507	0.412	0.2079798	0.3670411	0.00969083	1.007817	8.055486
sub-57953	E93	DIN2	0.357	0.507	0.412	-2.976054	0.3741722	-0.05295765	1.007817	8.055486
sub-57953	E93	DIN1	0.357	0.507	0.412	0.2204372	0.3741722	0.008180091	1.007817	8.055486
sub-57953	E94	DIN2	0.357	0.507	0.408	-1.826504	0.3810827	-0.02861311	1.007817	8.055486
sub-57953	E94	DIN1	0.357	0.507	0.408	0.4724724	0.3810827	0.007980987	1.007817	8.055486
sub-57953	E95	DIN2	0.357	0.507	0.404	-1.333464	0.3823897	-0.01461448	1.007817	8.055486
sub-57953	E95	DIN1	0.357	0.507	0.404	0.4989926	0.3823897	0.005209907	1.007817	8.055486
sub-57953	E96	DIN2	0.357	0.507	0.46	1.429441	0.4451816	0.01374548	1.007817	8.055486
sub-57953	E96	DIN1	0.357	0.507	0.46	0.03333984	0.4451816	-0.002352246	1.007817	8.055486
sub-57953	E97	DIN2	0.357	0.507	0.46	2.350561	0.408229	0.05837677	1.007817	8.055486
sub-57953	E97	DIN1	0.357	0.507	0.46	-0.2389774	0.408229	-0.0003726012	1.007817	8.055486
sub-57953	E98	DIN2	0.357	0.507	0.372	3.236475	0.2995159	0.1062255	1.007817	8.055486
sub-57953	E98	DIN1	0.357	0.507	0.372	-0.5918967	0.2995159	0.002375448	1.007817	8.055486
sub-57953	E99	DIN2	0.357	0.507	0.46	3.700002	0.4065368	0.1177503	1.007817	8.055486
sub-57953	E99	DIN1	0.357	0.507	0.46	0.333581	0.4065368	0.02377423	1.007817	8.055486
sub-57953	E100	DIN2	0.357	0.507	0.432	13.43965	0.3683462	0.429053	1.007817	8.055486
sub-57953	E100	DIN1	0.357	0.507	0.432	-1.248887	0.3683462	-0.0192387	1.007817	8.055486
sub-57953	E101	DIN2	0.357	0.507	0.432	18.1245	0.368178	0.5859708	1.007817	8.055486
sub-57953	E101	DIN1	0.357	0.507	0.432	-1.633954	0.368178	-0.0172235	1.007817	8.055486
sub-57953	E102	DIN2	0.357	0.507	0.412	-3.395041	0.3725545	-0.05700005	1.007817	8.055486
sub-57953	E102	DIN1	0.357	0.507	0.412	0.3139412	0.3725545	0.006928856	1.007817	8.055486
sub-57953	E103	DIN2	0.357	0.507	0.416	-1.862576	0.3851681	-0.03393862	1.007817	8.055486
sub-57953	E103	DIN1	0.357	0.507	0.416	0.2849834	0.3851681	0.01205992	1.007817	8.055486
sub-57953	E104	DIN2	0.357	0.507	0.408	-1.426672	0.3844067	-0.02107879	1.007817	8.055486
sub-57953	E104	DIN1	0.357	0.507	0.408	0.5597378	0.3844067	0.007739443	1.007817	8.055486
sub-57953	E105	DIN2	0.357	0.507	0.368	1.456683	0.3017198	0.03764869	1.007817	8.055486
sub-57953	E105	DIN1	0.357	0.507	0.368	-0.4597244	0.3017198	-0.004924151	1.007817	8.055486
sub-57953	E106	DIN2	0.357	0.507	0.46	1.671414	0.428177	0.02292995	1.007817	8.055486
sub-57953	E106	DIN1	0.357	0.507	0.46	-0.1027712	0.428177	-0.001952638	1.007817	8.055486
sub-57953	E107	DIN2	0.357	0.507	0.46	2.051923	0.4093852	0.04052907	1.007817	8.055486
sub-57953	E107	DIN1	0.357	0.507	0.46	-0.1052611	0.4093852	0.007815541	1.007817	8.055486
sub-57953	E108	DIN2	0.357	0.507	0.46	3.197203	0.407649	0.08388273	1.007817	8.055486
sub-57953	E108	DIN1	0.357	0.507	0.46	-0.1148147	0.407649	0.005709688	1.007817	8.055486
sub-57953	E109	DIN2	0.357	0.507	0.472	3.86662	0.4076215	0.1412843	1.007817	8.055486
sub-57953	E109	DIN1	0.357	0.507	0.472	0.4719883	0.4076215	0.01579591	1.007817	8.055486
sub-57953	E110	DIN2	0.357	0.507	0.412	14.04583	0.3683236	0.1996481	1.007817	8.055486
sub-57953	E110	DIN1	0.357	0.507	0.412	-0.3158509	0.3683236	-0.02916309	1.007817	8.055486
sub-57953	E111	DIN2	0.357	0.507	0.372	1.346038	0.3522407	0.01423133	1.007817	8.055486
sub-57953	E111	DIN1	0.357	0.507	0.372	-0.3014159	0.3522407	-0.001358808	1.007817	8.055486
sub-57953	E112	DIN2	0.357	0.507	0.372	1.466644	0.3023023	0.04239036	1.007817	8.055486
sub-57953	E112	DIN1	0.357	0.507	0.372	-0.3246731	0.3023023	-0.006719593	1.007817	8.055486
sub-57953	E113	DIN2	0.357	0.507	0.372	1.597235	0.3024051	0.04618536	1.007817	8.055486
sub-57953	E113	DIN1	0.357	0.507	0.372	-0.3964372	0.3024051	-0.004990131	1.007817	8.055486
sub-57953	E114	DIN2	0.357	0.507	0.46	1.928999	0.4174319	0.02801052	1.007817	8.055486
sub-57953	E114	DIN1	0.357	0.507	0.46	-0.2970002	0.4174319	-0.002931926	1.007817	8.055486
sub-57953	E115	DIN2	0.357	0.507	0.372	2.085658	0.3048632	0.05266491	1.007817	8.055486
sub-57953	E115	DIN1	0.357	0.507	0.372	-0.4733296	0.3048632	-0.002837753	1.007817	8.055486
sub-57953	E116	DIN2	0.357	0.507	0.46	2.918907	0.4084124	0.07476327	1.007817	8.055486
sub-57953	E116	DIN1	0.357	0.507	0.46	-0.02599209	0.4084124	0.007853217	1.007817	8.055486
sub-57953	E117	DIN2	0.357	0.507	0.472	3.7796	0.4082987	0.1364143	1.007817	8.055486
sub-57953	E117	DIN1	0.357	0.507	0.472	0.5357696	0.4082987	0.01881452	1.007817	8.055486
sub-57953	E118	DIN2	0.357	0.507	0.432	18.22157	0.3684652	0.5753391	1.007817	8.055486
sub-57953	E118	DIN1	0.357	0.507	0.432	-1.411568	0.3684652	-0.006935719	1.007817	8.055486
sub-57953	E119	DIN2	0.357	0.507	0.432	19.99703	0.3684298	0.6389353	1.007817	8.055486
sub-57953	E119	DIN1	0.357	0.507	0.432	-1.754244	0.3684298	-0.01287568	1.007817	8.055486
sub-57953	E120	DIN2	0.357	0.507	0.372	1.590723	0.3016168	0.05274049	1.007817	8.055486
sub-57953	E120	DIN1	0.357	0.507	0.372	-0.3383811	0.3016168	-0.006826976	1.007817	8.055486
sub-57953	E121	DIN2	0.357	0.507	0.372	1.565538	0.3036119	0.049369	1.007817	8.055486
sub-57953	E121	DIN1	0.357	0.507	0.372	-0.3393347	0.3036119	-0.003651454	1.007817	8.055486
sub-57953	E122	DIN2	0.357	0.507	0.372	1.647295	0.3528456	0.01397272	1.007817	8.055486
sub-57953	E122	DIN1	0.357	0.507	0.372	-0.4742678	0.3528456	-0.002060916	1.007817	8.055486
sub-57953	E123	DIN2	0.357	0.507	0.46	2.201287	0.4100128	0.04195918	1.007817	8.055486
sub-57953	E123	DIN1	0.357	0.507	0.46	-0.1035288	0.4100128	0.005951682	1.007817	8.055486
sub-57953	E124	DIN2	0.357	0.507	0.46	2.995	0.408964	0.0721565	1.007817	8.055486
sub-57953	E124	DIN1	0.357	0.507	0.46	0.1723841	0.408964	0.01401888	1.007817	8.055486
sub-57953	E125	DIN2	0.357	0.507	0.412	12.59551	0.4045977	0.04112714	1.007817	8.055486
sub-57953	E125	DIN1	0.357	0.507	0.412	-0.06678823	0.4045977	-0.003552575	1.007817	8.055486
sub-57953	E126	DIN2	0.357	0.507	0.412	19.4933	0.3800532	0.2305476	1.007817	8.055486
sub-57953	E126	DIN1	0.357	0.507	0.412	0.6366279	0.3800532	-0.01546193	1.007817	8.055486
sub-57953	E127	DIN2	0.357	0.507	0.412	20.92504	0.3685419	0.3041482	1.007817	8.055486
sub-57953	E127	DIN1	0.357	0.507	0.412	0.5727621	0.3685419	-0.02745685	1.007817	8.055486
sub-57953	E128	DIN2	0.357	0.507	0.412	16.66281	0.3676894	0.25651	1.007817	8.055486
sub-57953	E128	DIN1	0.357	0.507	0.412	0.6783213	0.3676894	-0.01270641	1.007817	8.055486
sub-57953	E129	DIN2	0.357	0.507	0.432	14.06054	0.3656729	0.4815784	1.007817	8.055486
sub-57953	E129	DIN1	0.357	0.507	0.432	-1.050331	0.3656729	-0.0003805738	1.007817	8.055486
sub-57953	E130	DIN2	0.357	0.507	0.432	12.01198	0.3364666	0.4798126	1.007817	8.055486
sub-57953	E130	DIN1	0.357	0.507	0.432	-0.8256391	0.3364666	0.03490257	1.007817	8.055486
sub-57953	E131	DIN2	0.357	0.507	0.432	9.162778	0.3222797	0.4008723	1.007817	8.055486
sub-57953	E131	DIN1	0.357	0.507	0.432	-0.8199055	0.3222797	0.03369415	1.007817	8.055486
sub-57953	E132	DIN2	0.357	0.507	0.432	10.78669	0.3661978	0.3709112	1.007817	8.055486
sub-57953	E132	DIN1	0.357	0.507	0.432	-0.9943908	0.3661978	-0.01003456	1.007817	8.055486
sub-57953	E133	DIN2	0.357	0.507	0.452	1.653943	0.432795	0.01440842	1.007817	8.055486
sub-57953	E133	DIN1	0.357	0.507	0.452	-0.1839087	0.432795	-0.002621925	1.007817	8.055486
sub-57953	E134	DIN2	0.357	0.507	0.372	1.914194	0.3024063	0.05343059	1.007817	8.055486
sub-57953	E134	DIN1	0.357	0.507	0.372	-0.5400196	0.3024063	-0.004468883	1.007817	8.055486
sub-57953	E135	DIN2	0.357	0.507	0.456	2.657449	0.406318	0.0724856	1.007817	8.055486
sub-57953	E135	DIN1	0.357	0.507	0.456	-0.1090645	0.406318	0.00844539	1.007817	8.055486
sub-57953	E136	DIN2	0.357	0.507	0.472	3.812113	0.4054696	0.177295	1.007817	8.055486
sub-57953	E136	DIN1	0.357	0.507	0.472	0.5010214	0.4054696	0.01186016	1.007817	8.055486
sub-57953	E137	DIN2	0.357	0.507	0.412	10.47518	0.3670645	0.1492391	1.007817	8.055486
sub-57953	E137	DIN1	0.357	0.507	0.412	0.6654294	0.3670645	-0.00715974	1.007817	8.055486
sub-57953	E138	DIN2	0.357	0.507	0.412	16.62357	0.368315	0.2385779	1.007817	8.055486
sub-57953	E138	DIN1	0.357	0.507	0.412	0.5186403	0.368315	-0.01982966	1.007817	8.055486
sub-57953	E139	DIN2	0.357	0.507	0.432	10.86723	0.3660936	0.3667641	1.007817	8.055486
sub-57953	E139	DIN1	0.357	0.507	0.432	-0.896968	0.3660936	0.006472951	1.007817	8.055486
sub-57953	E140	DIN2	0.357	0.507	0.412	7.759514	0.3207247	0.2237579	1.007817	8.055486
sub-57953	E140	DIN1	0.357	0.507	0.412	0.6112626	0.3207247	0.04397434	1.007817	8.055486
sub-57953	E141	DIN2	0.357	0.507	0.432	6.09654	0.3210589	0.3020076	1.007817	8.055486
sub-57953	E141	DIN1	0.357	0.507	0.432	-0.4254358	0.3210589	0.0439267	1.007817	8.055486
sub-57953	E142	DIN2	0.357	0.507	0.432	5.400164	0.3216132	0.3010163	1.007817	8.055486
sub-57953	E142	DIN1	0.357	0.507	0.432	-0.1689923	0.3216132	0.05984049	1.007817	8.055486
sub-57953	E143	DIN2	0.357	0.507	0.432	4.619831	0.3216075	0.2849033	1.007817	8.055486
sub-57953	E143	DIN1	0.357	0.507	0.432	-0.07741732	0.3216075	0.06433105	1.007817	8.055486
sub-57953	E144	DIN2	0.357	0.507	0.408	2.912706	0.322633	0.1433659	1.007817	8.055486
sub-57953	E144	DIN1	0.357	0.507	0.408	0.4211283	0.322633	0.05303239	1.007817	8.055486
sub-57953	E145	DIN2	0.357	0.507	0.448	1.879721	0.4269178	0.01540887	1.007817	8.055486
sub-57953	E145	DIN1	0.357	0.507	0.448	-0.3473008	0.4269178	-0.001671018	1.007817	8.055486
sub-57953	E146	DIN2	0.357	0.507	0.448	2.389964	0.4079995	0.03770873	1.007817	8.055486
sub-57953	E146	DIN1	0.357	0.507	0.448	-0.362626	0.4079995	0.009847408	1.007817	8.055486
sub-57953	E147	DIN2	0.357	0.507	0.412	6.931712	0.3658444	0.1054729	1.007817	8.055486
sub-57953	E147	DIN1	0.357	0.507	0.412	0.6560887	0.3658444	-0.007028071	1.007817	8.055486
sub-57953	E148	DIN2	0.357	0.507	0.412	11.0469	0.3669225	0.1636889	1.007817	8.055486
sub-57953	E148	DIN1	0.357	0.507	0.412	0.6009076	0.3669225	-0.01458901	1.007817	8.055486
sub-57953	E149	DIN2	0.357	0.507	0.412	12.72221	0.3669863	0.1893757	1.007817	8.055486
sub-57953	E149	DIN1	0.357	0.507	0.412	0.5041786	0.3669863	-0.01738747	1.007817	8.055486
sub-57953	E150	DIN2	0.357	0.507	0.432	5.798666	0.3082631	0.2940446	1.007817	8.055486
sub-57953	E150	DIN1	0.357	0.507	0.432	-0.2844915	0.3082631	0.04449792	1.007817	8.055486
sub-57953	E151	DIN2	0.357	0.507	0.472	4.150823	0.3089659	0.3731113	1.007817	8.055486
sub-57953	E151	DIN1	0.357	0.507	0.472	0.4263351	0.3089659	0.0545293	1.007817	8.055486
sub-57953	E152	DIN2	0.357	0.507	0.432	3.293582	0.3089044	0.2364913	1.007817	8.055486
sub-57953	E152	DIN1	0.357	0.507	0.432	0.04160473	0.3089044	0.05833415	1.007817	8.055486
sub-57953	E153	DIN2	0.357	0.507	0.404	3.147729	0.316464	0.1573774	1.007817	8.055486
sub-57953	E153	DIN1	0.357	0.507	0.404	0.7549077	0.316464	0.06619606	1.007817	8.055486
sub-57953	E154	DIN2	0.357	0.507	0.404	3.665449	0.3160098	0.1643437	1.007817	8.055486
sub-57953	E154	DIN1	0.357	0.507	0.404	0.5531479	0.3160098	0.07142574	1.007817	8.055486
sub-57953	E155	DIN2	0.357	0.507	0.404	3.105315	0.3323106	0.1253348	1.007817	8.055486
sub-57953	E155	DIN1	0.357	0.507	0.404	0.6464432	0.3323106	0.05920277	1.007817	8.055486
sub-57953	E156	DIN2	0.357	0.507	0.448	3.466474	0.4050591	0.1001113	1.007817	8.055486
sub-57953	E156	DIN1	0.357	0.507	0.448	-0.7264069	0.4050591	0.008317109	1.007817	8.055486
sub-57953	E157	DIN2	0.357	0.507	0.432	6.489626	0.3641354	0.2152188	1.007817	8.055486
sub-57953	E157	DIN1	0.357	0.507	0.432	-0.7076185	0.3641354	0.002693515	1.007817	8.055486
sub-57953	E158	DIN2	0.357	0.507	0.432	4.890986	0.3362171	0.1983988	1.007817	8.055486
sub-57953	E158	DIN1	0.357	0.507	0.432	-0.3428645	0.3362171	0.03132518	1.007817	8.055486
sub-57953	E159	DIN2	0.357	0.507	0.46	4.07969	0.3076852	0.3238814	1.007817	8.055486
sub-57953	E159	DIN1	0.357	0.507	0.46	0.2742403	0.3076852	0.04393975	1.007817	8.055486
sub-57953	E160	DIN2	0.357	0.507	0.46	2.761103	0.307959	0.2392645	1.007817	8.055486
sub-57953	E160	DIN1	0.357	0.507	0.46	0.2121129	0.307959	0.05627694	1.007817	8.055486
sub-57953	E161	DIN2	0.357	0.507	0.46	2.438445	0.3100893	0.2190805	1.007817	8.055486
sub-57953	E161	DIN1	0.357	0.507	0.46	0.09683154	0.3100893	0.06192795	1.007817	8.055486
sub-57953	E162	DIN2	0.357	0.507	0.404	2.628399	0.3161985	0.1447122	1.007817	8.055486
sub-57953	E162	DIN1	0.357	0.507	0.404	0.708414	0.3161985	0.0682328	1.007817	8.055486
sub-57953	E163	DIN2	0.357	0.507	0.404	3.530213	0.3327643	0.1269805	1.007817	8.055486
sub-57953	E163	DIN1	0.357	0.507	0.404	0.7085958	0.3327643	0.0583972	1.007817	8.055486
sub-57953	E164	DIN2	0.357	0.507	0.404	3.535753	0.3324483	0.1260008	1.007817	8.055486
sub-57953	E164	DIN1	0.357	0.507	0.404	0.5128914	0.3324483	0.05762694	1.007817	8.055486
sub-57953	E165	DIN2	0.357	0.507	0.448	2.360366	0.4058198	0.04810643	1.007817	8.055486
sub-57953	E165	DIN1	0.357	0.507	0.448	-0.5033603	0.4058198	0.007503032	1.007817	8.055486
sub-57953	E166	DIN2	0.357	0.507	0.456	1.882657	0.4256132	0.02978353	1.007817	8.055486
sub-57953	E166	DIN1	0.357	0.507	0.456	-0.09078496	0.4256132	-0.0001499816	1.007817	8.055486
sub-57953	E167	DIN2	0.357	0.507	0.456	2.116044	0.3036646	0.1508147	1.007817	8.055486
sub-57953	E167	DIN1	0.357	0.507	0.456	-0.1462342	0.3036646	0.03181092	1.007817	8.055486
sub-57953	E168	DIN2	0.357	0.507	0.46	2.237895	0.3043481	0.1698732	1.007817	8.055486
sub-57953	E168	DIN1	0.357	0.507	0.46	0.11221	0.3043481	0.0430763	1.007817	8.055486
sub-57953	E169	DIN2	0.357	0.507	0.372	1.870323	0.306623	0.05688135	1.007817	8.055486
sub-57953	E169	DIN1	0.357	0.507	0.372	0.01732844	0.306623	0.01605467	1.007817	8.055486
sub-57953	E170	DIN2	0.357	0.507	0.372	2.70782	0.3043391	0.08317541	1.007817	8.055486
sub-57953	E170	DIN1	0.357	0.507	0.372	0.1376397	0.3043391	0.01964444	1.007817	8.055486
sub-57953	E171	DIN2	0.357	0.507	0.368	2.515137	0.3138121	0.06090316	1.007817	8.055486
sub-57953	E171	DIN1	0.357	0.507	0.368	0.6368803	0.3138121	0.02547344	1.007817	8.055486
sub-57953	E172	DIN2	0.357	0.507	0.404	2.725078	0.328759	0.1110855	1.007817	8.055486
sub-57953	E172	DIN1	0.357	0.507	0.404	0.6307919	0.328759	0.05150966	1.007817	8.055486
sub-57953	E173	DIN2	0.357	0.507	0.404	3.811229	0.3324231	0.1273235	1.007817	8.055486
sub-57953	E173	DIN1	0.357	0.507	0.404	0.7545	0.3324231	0.06307673	1.007817	8.055486
sub-57953	E174	DIN2	0.357	0.507	0.452	1.575665	0.4306711	0.01469578	1.007817	8.055486
sub-57953	E174	DIN1	0.357	0.507	0.452	-0.05016945	0.4306711	-0.0003185913	1.007817	8.055486
sub-57953	E175	DIN2	0.357	0.507	0.372	1.575716	0.3019224	0.05175675	1.007817	8.055486
sub-57953	E175	DIN1	0.357	0.507	0.372	0.0407095	0.3019224	0.009266772	1.007817	8.055486
sub-57953	E176	DIN2	0.357	0.507	0.372	1.825925	0.3010749	0.06649636	1.007817	8.055486
sub-57953	E176	DIN1	0.357	0.507	0.372	0.1040755	0.3010749	0.01546194	1.007817	8.055486
sub-57953	E177	DIN2	0.357	0.507	0.368	1.770603	0.3031124	0.0523246	1.007817	8.055486
sub-57953	E177	DIN1	0.357	0.507	0.368	0.1720323	0.3031124	0.01644153	1.007817	8.055486
sub-57953	E178	DIN2	0.357	0.507	0.368	1.927483	0.3011109	0.06089899	1.007817	8.055486
sub-57953	E178	DIN1	0.357	0.507	0.368	0.2944974	0.3011109	0.02537117	1.007817	8.055486
sub-57953	E179	DIN2	0.357	0.507	0.368	1.96109	0.2988277	0.05654546	1.007817	8.055486
sub-57953	E179	DIN1	0.357	0.507	0.368	0.6286013	0.2988277	0.03135944	1.007817	8.055486
sub-57953	E180	DIN2	0.357	0.507	0.404	1.940226	0.3321073	0.07363753	1.007817	8.055486
sub-57953	E180	DIN1	0.357	0.507	0.404	0.4632199	0.3321073	0.04091468	1.007817	8.055486
sub-57953	E181	DIN2	0.357	0.507	0.404	2.357432	0.312176	0.09014841	1.007817	8.055486
sub-57953	E181	DIN1	0.357	0.507	0.404	0.4260111	0.312176	0.06594983	1.007817	8.055486
sub-57953	E182	DIN2	0.357	0.507	0.476	-2.897258	0.4093669	-0.09960698	1.007817	8.055486
sub-57953	E182	DIN1	0.357	0.507	0.476	-0.01425863	0.4093669	0.02432067	1.007817	8.055486
sub-57953	E183	DIN2	0.357	0.507	0.496	-3.007007	0.4091595	-0.1315871	1.007817	8.055486
sub-57953	E183	DIN1	0.357	0.507	0.496	0.8627327	0.4091595	0.02753057	1.007817	8.055486
sub-57953	E184	DIN2	0.357	0.507	0.404	2.512279	0.3142498	0.09875486	1.007817	8.055486
sub-57953	E184	DIN1	0.357	0.507	0.404	0.1013757	0.3142498	0.06670202	1.007817	8.055486
sub-57953	E185	DIN2	0.357	0.507	0.48	2.783393	0.3180476	0.2651866	1.007817	8.055486
sub-57953	E185	DIN1	0.357	0.507	0.48	0.7468401	0.3180476	0.0882717	1.007817	8.055486
sub-57953	E186	DIN2	0.357	0.507	0.432	19.55935	0.3691133	0.6349498	1.007817	8.055486
sub-57953	E186	DIN1	0.357	0.507	0.432	-1.760206	0.3691133	-0.026661	1.007817	8.055486
sub-57953	E187	DIN2	0.357	0.507	0.372	1.396413	0.301072	0.05022814	1.007817	8.055486
sub-57953	E187	DIN1	0.357	0.507	0.372	-0.1413645	0.301072	0.0006877098	1.007817	8.055486
sub-57953	E188	DIN2	0.357	0.507	0.368	1.311195	0.3004698	0.04331181	1.007817	8.055486
sub-57953	E188	DIN1	0.357	0.507	0.368	0.1151529	0.3004698	0.007390216	1.007817	8.055486
sub-57953	E189	DIN2	0.357	0.507	0.368	1.523042	0.2991024	0.04880665	1.007817	8.055486
sub-57953	E189	DIN1	0.357	0.507	0.368	0.3100469	0.2991024	0.0138637	1.007817	8.055486
sub-57953	E190	DIN2	0.357	0.507	0.364	1.508294	0.2982769	0.04348581	1.007817	8.055486
sub-57953	E190	DIN1	0.357	0.507	0.364	0.430203	0.2982769	0.01745154	1.007817	8.055486
sub-57953	E191	DIN2	0.357	0.507	0.364	1.791605	0.3120494	0.03993415	1.007817	8.055486
sub-57953	E191	DIN1	0.357	0.507	0.364	0.4618683	0.3120494	0.02120117	1.007817	8.055486
sub-57953	E192	DIN2	0.357	0.507	0.364	2.154374	0.2729657	0.07518259	1.007817	8.055486
sub-57953	E192	DIN1	0.357	0.507	0.364	0.7047262	0.2729657	0.04640451	1.007817	8.055486
sub-57953	E193	DIN2	0.357	0.507	0.472	-2.901894	0.4081706	-0.1139927	1.007817	8.055486
sub-57953	E193	DIN1	0.357	0.507	0.472	0.04614832	0.4081706	0.02048964	1.007817	8.055486
sub-57953	E194	DIN2	0.357	0.507	0.476	-2.891682	0.4081618	-0.1263371	1.007817	8.055486
sub-57953	E194	DIN1	0.357	0.507	0.476	-0.0780674	0.4081618	0.02117007	1.007817	8.055486
sub-57953	E195	DIN2	0.357	0.507	0.476	-3.216769	0.4083262	-0.1362392	1.007817	8.055486
sub-57953	E195	DIN1	0.357	0.507	0.476	-0.1211021	0.4083262	0.02429852	1.007817	8.055486
sub-57953	E196	DIN2	0.357	0.507	0.472	-2.51867	0.408481	-0.09099872	1.007817	8.055486
sub-57953	E196	DIN1	0.357	0.507	0.472	-0.05528545	0.408481	0.01066927	1.007817	8.055486
sub-57953	E197	DIN2	0.357	0.507	0.496	-2.218578	0.4090118	-0.1071966	1.007817	8.055486
sub-57953	E197	DIN1	0.357	0.507	0.496	0.6280934	0.4090118	0.006893402	1.007817	8.055486
sub-57953	E198	DIN2	0.357	0.507	0.428	3.256753	0.3292643	0.1297848	1.007817	8.055486
sub-57953	E198	DIN1	0.357	0.507	0.428	-0.0824417	0.3292643	0.01783602	1.007817	8.055486
sub-57953	E199	DIN2	0.357	0.507	0.476	-1.255735	0.4613285	-0.009669976	1.007817	8.055486
sub-57953	E199	DIN1	0.357	0.507	0.476	0.1385504	0.4613285	0.001344278	1.007817	8.055486
sub-57953	E200	DIN2	0.357	0.507	0.476	-1.547433	0.4043972	-0.06858999	1.007817	8.055486
sub-57953	E200	DIN1	0.357	0.507	0.476	0.03230985	0.4043972	0.02174804	1.007817	8.055486
sub-57953	E201	DIN2	0.357	0.507	0.364	1.334287	0.2956492	0.04485188	1.007817	8.055486
sub-57953	E201	DIN1	0.357	0.507	0.364	0.3091647	0.2956492	0.01062944	1.007817	8.055486
sub-57953	E202	DIN2	0.357	0.507	0.472	-4.323147	0.4062271	-0.1926497	1.007817	8.055486
sub-57953	E202	DIN1	0.357	0.507	0.472	-0.04528216	0.4062271	0.03038916	1.007817	8.055486
sub-57953	E203	DIN2	0.357	0.507	0.472	-3.844152	0.4064094	-0.1680565	1.007817	8.055486
sub-57953	E203	DIN1	0.357	0.507	0.472	-0.3605361	0.4064094	0.00760351	1.007817	8.055486
sub-57953	E204	DIN2	0.357	0.507	0.472	-3.774761	0.4058298	-0.1723974	1.007817	8.055486
sub-57953	E204	DIN1	0.357	0.507	0.472	-0.09517317	0.4058298	0.01753776	1.007817	8.055486
sub-57953	E205	DIN2	0.357	0.507	0.472	-3.22332	0.4068644	-0.1391417	1.007817	8.055486
sub-57953	E205	DIN1	0.357	0.507	0.472	-0.1202165	0.4068644	0.01246666	1.007817	8.055486
sub-57953	E206	DIN2	0.357	0.507	0.472	-2.958578	0.4078557	-0.1249725	1.007817	8.055486
sub-57953	E206	DIN1	0.357	0.507	0.472	-0.2931306	0.4078557	0.002983017	1.007817	8.055486
sub-57953	E207	DIN2	0.357	0.507	0.496	-3.799597	0.4080854	-0.2122292	1.007817	8.055486
sub-57953	E207	DIN1	0.357	0.507	0.496	0.0207298	0.4080854	-0.04711087	1.007817	8.055486
sub-57953	E208	DIN2	0.357	0.507	0.476	-2.033586	0.4043598	-0.09582782	1.007817	8.055486
sub-57953	E208	DIN1	0.357	0.507	0.476	-0.002818648	0.4043598	0.01954913	1.007817	8.055486
sub-57953	E209	DIN2	0.357	0.507	0.472	-2.699526	0.4043696	-0.1268674	1.007817	8.055486
sub-57953	E209	DIN1	0.357	0.507	0.472	0.09438025	0.4043696	0.01925564	1.007817	8.055486
sub-57953	E210	DIN2	0.357	0.507	0.428	-5.183546	0.4070971	-0.05016841	1.007817	8.055486
sub-57953	E210	DIN1	0.357	0.507	0.428	1.396392	0.4070971	0.02547229	1.007817	8.055486
sub-57953	E211	DIN2	0.357	0.507	0.472	-4.449011	0.4060045	-0.2025912	1.007817	8.055486
sub-57953	E211	DIN1	0.357	0.507	0.472	-0.1520357	0.4060045	0.02912337	1.007817	8.055486
sub-57953	E212	DIN2	0.357	0.507	0.472	-4.248034	0.4068464	-0.1920877	1.007817	8.055486
sub-57953	E212	DIN1	0.357	0.507	0.472	-0.2522323	0.4068464	0.01931728	1.007817	8.055486
sub-57953	E213	DIN2	0.357	0.507	0.472	-4.100723	0.4064395	-0.1867529	1.007817	8.055486
sub-57953	E213	DIN1	0.357	0.507	0.472	-0.4225652	0.4064395	-0.001679434	1.007817	8.055486
sub-57953	E214	DIN2	0.357	0.507	0.472	-5.14406	0.4062597	-0.2110831	1.007817	8.055486
sub-57953	E214	DIN1	0.357	0.507	0.472	-0.5414398	0.4062597	-0.01892794	1.007817	8.055486
sub-57953	E215	DIN2	0.357	0.507	0.472	-4.566421	0.4064026	-0.1965126	1.007817	8.055486
sub-57953	E215	DIN1	0.357	0.507	0.472	-0.7333299	0.4064026	-0.0351714	1.007817	8.055486
sub-57953	E216	DIN2	0.357	0.507	0.472	-4.057562	0.4051407	-0.1867791	1.007817	8.055486
sub-57953	E216	DIN1	0.357	0.507	0.472	-0.07860579	0.4051407	0.02283744	1.007817	8.055486
sub-57953	E217	DIN2	0.357	0.507	0.436	-9.104182	0.4045438	-0.1870113	1.007817	8.055486
sub-57953	E217	DIN1	0.357	0.507	0.436	1.440485	0.4045438	0.02723461	1.007817	8.055486
sub-57953	E218	DIN2	0.357	0.507	0.436	-9.493053	0.3512003	-0.314177	1.007817	8.055486
sub-57953	E218	DIN1	0.357	0.507	0.436	1.168726	0.3512003	0.04557838	1.007817	8.055486
sub-57953	E219	DIN2	0.357	0.507	0.432	-8.86593	0.4040849	-0.1624517	1.007817	8.055486
sub-57953	E219	DIN1	0.357	0.507	0.432	2.72576	0.4040849	0.03259075	1.007817	8.055486
sub-57953	E220	DIN2	0.357	0.507	0.432	-6.575034	0.4059719	-0.1081918	1.007817	8.055486
sub-57953	E220	DIN1	0.357	0.507	0.432	1.884653	0.4059719	0.01289429	1.007817	8.055486
sub-57953	E221	DIN2	0.357	0.507	0.472	-5.755517	0.4050828	-0.2767277	1.007817	8.055486
sub-57953	E221	DIN1	0.357	0.507	0.472	-0.3859594	0.4050828	0.01604011	1.007817	8.055486
sub-57953	E222	DIN2	0.357	0.507	0.46	-6.545824	0.406109	-0.2143904	1.007817	8.055486
sub-57953	E222	DIN1	0.357	0.507	0.46	-0.9304358	0.406109	-0.005418526	1.007817	8.055486
sub-57953	E223	DIN2	0.357	0.507	0.472	-6.348185	0.4061537	-0.2578107	1.007817	8.055486
sub-57953	E223	DIN1	0.357	0.507	0.472	-1.35072	0.4061537	-0.07129861	1.007817	8.055486
sub-57953	E224	DIN2	0.357	0.507	0.472	-6.720306	0.4057701	-0.267186	1.007817	8.055486
sub-57953	E224	DIN1	0.357	0.507	0.472	-1.389279	0.4057701	-0.06152534	1.007817	8.055486
