onset	duration	mother_voice	boy_voice	dog_voice	foley_sound	game_sound	game_voice
1.42	5.81	n/a	n/a	n/a	n/a	intensifying battlefield audio under the opening credits	n/a
16	1	n/a	n/a	n/a	n/a	n/a	Hold your positions
20.78	0.68	n/a	n/a	n/a	door swings open	n/a	n/a
21.52	0.32	n/a	n/a	n/a	mother sighs	n/a	n/a
23.706	0.12	n/a	n/a	n/a	door shuts	n/a	n/a
24.86	2.44	Hey Sweetie! Sorry I got home so late	n/a	n/a	n/a	n/a	n/a
28.279	0.621	n/a	Mom	n/a	n/a	n/a	n/a
43.15	0.6	n/a	For me?	n/a	n/a	n/a	n/a
55.74	1.98	n/a	Woah! Cool!	n/a	n/a	n/a	n/a
58.97	0.67	n/a	n/a	Woof! Woof!	n/a	n/a	n/a
