onset	duration	boy_action	dog_action	mother_action	environment_action
0.01	2.531	n/a	n/a	n/a	black screen
2.55	1	n/a	n/a	n/a	credits appear on the screen
7.25	0.105	eyes and mouth of the boy wide open	n/a	n/a	n/a
7.545	0.065	eyes of the boy shift to the right	n/a	n/a	n/a
21	0.24	n/a	n/a	left hand leaves the door and holds the bottom of a carton box	n/a
21.635	0.185	n/a	n/a	eyes close and head turns to the right	n/a
23.1	0.67	n/a	n/a	right foot pushes the door shut	n/a
55.075	0.05	n/a	dog pops out of the box	n/a	n/a
55.23	0.09	n/a	mouth of the dog starts to close	n/a	n/a
55.98	0.145	n/a	dog moves out of the box and the tongue goes inside the mouth	n/a	n/a
