name	x	y	z
E1	5.382	-6.962	-2.191
E2	6.404	-6.484	-0.14
E3	7.208	-5.699	1.791
E4	7.773	-4.811	3.65
E5	7.478	-3.62	5.509
E6	6.462	-2.253	6.963
E7	5.218	-1.189	8.134
E8	3.596	0	8.751
E9	1.514	1.153	9.199
E10	7.383	-5.94	-1.515
E11	8.373	-5.076	0.406
E12	9.036	-3.879	2.516
E13	8.979	-2.608	4.391
E14	8.116	-1.233	6.062
E15	6.812	0	7.282
E16	5.218	1.189	8.134
E17	2.914	2.296	8.558
E18	9.406	-4.065	-0.891
E19	10.015	-2.868	0.852
E20	10.063	-1.422	2.848
E21	9.403	0	4.658
E22	8.116	1.233	6.062
E23	6.462	2.253	6.963
E24	4.409	3.345	7.673
E25	10.653	-1.395	-0.611
E26	10.69	0	1.005
E27	10.063	1.422	2.848
E28	8.979	2.608	4.391
E29	7.478	3.62	5.509
E30	5.594	4.498	6.288
E31	10.564	0	-2.051
E32	10.653	1.395	-0.611
E33	10.015	2.868	0.852
E34	9.036	3.879	2.516
E35	7.773	4.811	3.65
E36	6.416	5.105	4.778
E37	9.406	4.065	-0.891
E38	8.373	5.076	0.406
E39	7.208	5.699	1.791
E40	6.113	6.17	3.296
E41	4.939	6.014	4.858
E42	3.802	5.339	6.327
E43	2.572	4.641	7.509
E44	1.071	3.537	8.474
E45	-0.61	1.995	9.289
E46	7.383	5.94	-1.515
E47	6.404	6.484	-0.14
E48	5.351	6.975	1.307
E49	4.233	7.101	2.919
E50	3.162	6.866	4.768
E51	1.942	6.114	6.238
E52	0.601	5.314	7.488
E53	-1.146	3.724	8.587
E54	5.382	6.962	-2.191
E55	4.372	7.316	-0.611
E56	3.296	7.664	1.044
E57	2.302	7.624	2.818
E58	1.344	7.366	4.604
E59	0.06	6.703	6.24
E60	-1.612	5.404	7.473
E61	3.053	7.541	-2.519
E62	2.063	7.771	-0.807
E63	1.207	7.969	0.973
E64	0.401	8.066	2.786
E65	-0.568	7.608	4.599
E66	-1.945	6.816	5.931
E67	1.74	7.693	-4.182
E68	1.053	7.745	-2.471
E69	0.072	7.938	-0.97
E70	-0.752	7.989	0.842
E71	-1.503	8.059	2.768
E72	-2.311	7.564	4.303
E73	0.731	7.526	-5.96
E74	-1.841	7.768	-0.927
E75	-2.732	7.793	1.1
E76	-3.493	7.462	2.959
E77	-3.794	6.869	4.894
E78	-3.846	5.653	6.521
E79	-3.548	4.125	7.954
E80	-2.958	2.236	8.925
E81	-1.938	0	9.459
E82	-0.492	7.128	-7.349
E83	-3.497	7.379	-2.183
E84	-3.7	7.522	-0.514
E85	-4.711	7.152	1.518
E86	-5.158	6.488	3.473
E87	-5.462	5.531	5.502
E88	-5.238	4.038	7.045
E89	-4.878	2.295	8.272
E90	-3.742	0	9.028
E91	-1.864	6.826	-8.694
E92	-2.848	6.74	-6.747
E93	-4.018	6.784	-5.018
E94	-4.451	7.033	-3.549
E95	-5.017	6.991	-1.888
E96	-5.736	6.676	0.102
E97	-6.529	5.969	2.033
E98	-6.749	5.108	3.921
E99	-6.677	3.752	5.637
E100	-6.292	2.149	7.115
E101	-7.15	0	6.954
E102	-3.825	6.37	-8.206
E103	-4.622	6.243	-6.496
E104	-5.611	6.097	-4.679
E105	-6.013	6.314	-3.259
E106	-6.747	5.984	-1.403
E107	-7.574	5.237	0.466
E108	-8.113	4.291	2.384
E109	-8.153	3.243	4.22
E110	-7.639	1.732	5.694
E111	-5.804	5.636	-7.749
E112	-6.452	5.387	-6.167
E113	-7.326	5.083	-4.321
E114	-7.466	5.273	-2.875
E115	-8.612	4.136	-1.045
E116	-9.136	3.133	0.819
E117	-9.234	1.945	2.621
E118	-8.741	1.093	4.138
E119	-8.091	0	5.341
E120	-7.22	4.706	-7.53
E121	-7.812	4.204	-5.844
E122	-8.593	3.622	-4.042
E123	-9.454	3.027	-1.959
E124	-9.709	2.202	-0.638
E125	-9.717	1.017	0.955
E126	-9.232	0	2.547
E127	-8.741	-1.093	4.138
E128	-7.639	-1.732	5.694
E129	-6.292	-2.149	7.115
E130	-4.878	-2.295	8.272
E131	-2.958	-2.236	8.925
E132	-0.61	-1.995	9.289
E133	-8.573	3.456	-6.827
E134	-8.946	2.715	-5.554
E135	-9.562	2.032	-3.45
E136	-9.627	0.919	-2.211
E137	-9.585	0	-0.886
E138	-9.717	-1.017	0.955
E139	-9.234	-1.945	2.621
E140	-8.153	-3.243	4.22
E141	-6.677	-3.752	5.637
E142	-5.238	-4.038	7.045
E143	-3.548	-4.125	7.954
E144	-1.146	-3.724	8.587
E145	-9.22	1.885	-6.799
E146	-9.534	1.061	-5.453
E147	-9.483	0	-3.842
E148	-9.627	-0.919	-2.211
E149	-9.709	-2.202	-0.638
E150	-9.136	-3.133	0.819
E151	-8.113	-4.291	2.384
E152	-6.749	-5.108	3.921
E153	-5.462	-5.531	5.502
E154	-3.846	-5.653	6.521
E155	-1.612	-5.404	7.473
E156	-9.534	-1.061	-5.453
E157	-9.562	-2.032	-3.45
E158	-9.454	-3.027	-1.959
E159	-8.612	-4.136	-1.045
E160	-7.574	-5.237	0.466
E161	-6.529	-5.969	2.033
E162	-5.158	-6.488	3.473
E163	-3.794	-6.869	4.894
E164	-1.945	-6.816	5.931
E165	-9.22	-1.885	-6.799
E166	-8.946	-2.715	-5.554
E167	-8.593	-3.622	-4.042
E168	-7.466	-5.273	-2.875
E169	-6.747	-5.984	-1.403
E170	-5.736	-6.676	0.102
E171	-4.711	-7.152	1.518
E172	-3.493	-7.462	2.959
E173	-2.311	-7.564	4.303
E174	-8.573	-3.456	-6.827
E175	-7.812	-4.204	-5.844
E176	-7.326	-5.083	-4.321
E177	-6.013	-6.314	-3.259
E178	-5.017	-6.991	-1.888
E179	-3.7	-7.522	-0.514
E180	-2.732	-7.793	1.1
E181	-1.503	-8.059	2.768
E182	-0.568	-7.608	4.599
E183	0.06	-6.703	6.24
E184	0.601	-5.314	7.488
E185	1.071	-3.537	8.474
E186	1.514	-1.153	9.199
E187	-7.22	-4.706	-7.53
E188	-6.452	-5.387	-6.167
E189	-5.611	-6.097	-4.679
E190	-4.451	-7.033	-3.549
E191	-3.497	-7.379	-2.183
E192	-1.841	-7.768	-0.927
E193	-0.752	-7.989	0.842
E194	0.401	-8.066	2.786
E195	1.344	-7.366	4.604
E196	1.942	-6.114	6.238
E197	2.572	-4.641	7.509
E198	2.914	-2.296	8.558
E199	-5.804	-5.636	-7.749
E200	-4.622	-6.243	-6.496
E201	-4.018	-6.784	-5.018
E202	0.072	-7.938	-0.97
E203	1.207	-7.969	0.973
E204	2.302	-7.624	2.818
E205	3.162	-6.866	4.768
E206	3.802	-5.339	6.327
E207	4.409	-3.345	7.673
E208	-3.825	-6.37	-8.206
E209	-2.848	-6.74	-6.747
E210	1.053	-7.745	-2.471
E211	2.063	-7.771	-0.807
E212	3.296	-7.664	1.044
E213	4.233	-7.101	2.919
E214	4.939	-6.014	4.858
E215	5.594	-4.498	6.288
E216	-1.864	-6.826	-8.694
E217	-0.492	-7.128	-7.349
E218	0.731	-7.526	-5.96
E219	1.74	-7.693	-4.182
E220	3.053	-7.541	-2.519
E221	4.372	-7.316	-0.611
E222	5.351	-6.975	1.307
E223	6.113	-6.17	3.296
E224	6.416	-5.105	4.778
E225	3.248	-7.627	-4.405
E226	4.801	-7.243	-4.772
E227	2.526	-7.556	-6.27
E228	1.357	-7.38	-7.849
E229	-0.142	-6.861	-9.149
E230	5.991	-6.742	-5.833
E231	4.149	-7.225	-6.889
E232	3.196	-7.314	-8.443
E233	1.667	-7.091	-9.772
E234	7.227	-5.887	-6.547
E235	5.641	-6.659	-7.657
E236	4.624	-6.751	-9.031
E237	3.337	-6.58	-10.397
E238	8.227	-4.691	-6.783
E239	6.421	-5.813	-8.65
E240	5.371	-6.044	-9.814
E241	8.227	4.691	-6.783
E242	6.421	5.813	-8.65
E243	5.371	6.044	-9.814
E244	7.227	5.887	-6.547
E245	5.641	6.659	-7.657
E246	4.624	6.751	-9.031
E247	3.337	6.58	-10.397
E248	5.991	6.742	-5.833
E249	4.149	7.225	-6.889
E250	3.196	7.314	-8.443
E251	1.667	7.091	-9.772
E252	4.801	7.243	-4.772
E253	3.248	7.627	-4.405
E254	2.526	7.556	-6.27
E255	1.357	7.38	-7.849
E256	-0.142	6.861	-9.149
E257	0	0	9.683
ECG	n/a	n/a	n/a
