onset	duration	sample	value
1.286007704	1	1286.0077	DIN1
2.502003925	1	2502.0039	DIN1
3.735008704	1	3735.0087	DIN1
4.868999737	1	4868.9997	DIN1
5.969003828	1	5969.0038	DIN1
7.219007107	1	7219.0071	DIN1
8.485003056	1	8485.0031	DIN1
9.652005376	1	9652.0054	DIN1
10.78500064	1	10785.0006	DIN1
11.88500473	1	11885.0047	DIN1
13.01799999	1	13018	DIN2
14.18500231	1	14185.0023	DIN1
15.28500641	1	15285.0064	DIN1
16.36800194	1	16368.0019	DIN1
17.65100645	1	17651.0064	DIN1
18.71800931	1	18718.0093	DIN1
19.86800307	1	19868.0031	DIN1
20.88500621	1	20885.0062	DIN1
22.0510027	1	22051.0027	DIN1
23.13500406	1	23135.0041	DIN2
24.15100137	1	24151.0014	DIN1
25.20100573	1	25201.0057	DIN1
26.48400018	1	26484.0002	DIN1
27.71800073	1	27718.0007	DIN1
28.75100659	1	28751.0066	DIN1
29.81800945	1	29818.0095	DIN2
30.88400649	1	30884.0065	DIN1
32.10100854	1	32101.0085	DIN1
33.2340038	1	33234.0038	DIN1
34.30100666	1	34301.0067	DIN1
35.51700288	1	35517.0029	DIN1
36.51700752	1	36517.0075	DIN1
37.70000251	1	37700.0025	DIN1
38.78400387	1	38784.0039	DIN1
44.56700409	1	44567.0041	DIN1
45.73300058	1	45733.0006	DIN2
47.00000236	1	47000.0024	DIN1
48.03300822	1	48033.0082	DIN1
49.0669998	1	49066.9998	DIN1
50.16700389	1	50167.0039	DIN1
51.18300119	1	51183.0012	DIN2
52.40000324	1	52400.0032	DIN1
53.40000788	1	53400.0079	DIN1
54.70000082	1	54700.0008	DIN1
55.85000465	1	55850.0046	DIN1
57.03299964	1	57032.9996	DIN1
58.20000196	1	58200.002	DIN2
59.48300646	1	59483.0065	DIN1
60.61600173	1	60616.0017	DIN1
61.83300378	1	61833.0038	DIN1
62.88300814	1	62883.0081	DIN1
63.98300217	1	63983.0022	DIN1
65.09900899	1	65099.009	DIN2
66.1490033	1	66149.0033	DIN1
67.38200808	1	67382.0081	DIN1
68.6320013	1	68632.0013	DIN1
69.71600266	1	69716.0027	DIN1
70.73199997	1	70732	DIN1
71.94900201	1	71949.002	DIN1
73.13200706	1	73132.0071	DIN1
74.29900938	1	74299.0094	DIN2
75.44700155	1	75447.0015	D221
75.5490026	1	75549.0026	DIN1
76.59900697	1	76599.007	DIN1
77.74900073	1	77749.0007	DIN1
79.01500674	1	79015.0067	DIN1
80.19800173	1	80198.0017	DIN2
81.48200201	1	81482.002	DIN1
82.5820061	1	82582.0061	DIN1
85.4150022	1	85415.0022	DIN2
86.61500575	1	86615.0057	DIN1
87.74800101	1	87748.001	DIN1
88.93100606	1	88931.0061	DIN1
90.19800784	1	90198.0078	DIN1
91.29800187	1	91298.0019	DIN2
92.53100665	1	92531.0067	DIN1
93.79800843	1	93798.0084	DIN1
94.94800219	1	94948.0022	DIN1
95.98100805	1	95981.0081	DIN1
97.18100155	1	97181.0015	DIN2
98.43100482	1	98431.0048	DIN1
99.51400036	1	99514.0004	DIN1
100.7640036	1	100764.0036	DIN1
101.8810062	1	101881.0062	DIN1
102.914002	1	102914.002	DIN2
104.1140056	1	104114.0056	DIN1
105.3470003	1	105347.0003	DIN1
106.5140026	1	106514.0026	DIN2
107.7300089	1	107730.0089	DIN1
108.7800032	1	108780.0032	DIN1
110.0300065	1	110030.0065	DIN1
111.1800002	1	111180.0002	DIN1
112.2300046	1	112230.0046	DIN1
113.4970064	1	113497.0064	DIN1
114.6800014	1	114680.0014	DIN2
115.8300052	1	115830.0052	DIN1
117.0629999	1	117062.9999	DIN1
118.163004	1	118163.004	DIN1
119.1630086	1	119163.0086	DIN2
120.2800012	1	120280.0012	DIN1
121.2960085	1	121296.0085	DIN1
122.5460018	1	122546.0018	DIN2
123.796005	1	123796.005	DIN1
126.0630014	1	126063.0014	DIN1
127.0960073	1	127096.0073	DIN1
128.2629995	1	128262.9995	DIN1
129.2790069	1	129279.0069	DIN1
130.4460092	1	130446.0092	DIN2
131.479005	1	131479.005	DIN1
132.6790086	1	132679.0086	DIN1
133.8120038	1	133812.0038	DIN1
134.9960046	1	134996.0046	DIN1
136.2620006	1	136262.0006	DIN2
137.312005	1	137312.005	DIN1
138.4790073	1	138479.0073	DIN1
139.7290005	1	139729.0005	DIN1
140.8790043	1	140879.0043	DIN2
141.8630062	1	141863.0062	D221
141.9450014	1	141945.0014	DIN1
142.9950057	1	142995.0057	DIN1
144.2290063	1	144229.0063	DIN1
145.2620021	1	145262.0021	DIN2
146.3390029	1	146339.0029	D221
146.4290044	1	146429.0044	DIN1
147.4780029	1	147478.0029	DIN1
148.578007	1	148578.007	DIN1
149.7120081	1	149712.0081	DIN1
150.8120021	1	150812.0021	DIN2
151.7790055	1	151779.0055	D221
151.8620065	1	151862.0065	DIN1
152.8620011	1	152862.0011	DIN1
154.0110091	1	154011.0091	DIN2
155.0610034	1	155061.0034	DIN1
156.2780055	1	156278.0055	DIN1
157.4450078	1	157445.0078	DIN1
158.5780031	1	158578.0031	DIN1
159.7110084	1	159711.0084	DIN2
160.7780012	1	160778.0012	DIN1
162.0610057	1	162061.0057	DIN1
163.1280086	1	163128.0086	DIN1
168.0270063	1	168027.0063	DIN1
169.0940092	1	169094.0092	DIN1
170.2940027	1	170294.0027	DIN2
171.427008	1	171427.008	DIN1
172.4270026	1	172427.0026	DIN1
173.4440057	1	173444.0057	DIN2
174.6770004	1	174677.0004	DIN1
175.9600049	1	175960.0049	DIN1
177.2270067	1	177227.0067	DIN1
178.3100023	1	178310.0023	DIN1
179.4440033	1	179444.0033	DIN1
180.6270084	1	180627.0084	DIN2
181.6770027	1	181677.0027	DIN1
182.8430093	1	182843.0093	DIN1
184.027	1	184027	DIN1
185.2100051	1	185210.0051	DIN1
186.2600094	1	186260.0094	DIN1
187.5270011	1	187527.0011	DIN2
188.526	1	188526	DIN1
189.7100008	1	189710.0008	DIN1
190.8760073	1	190876.0073	DIN1
191.9430001	1	191943.0001	DIN2
193.0430042	1	193043.0042	DIN1
194.2930075	1	194293.0075	DIN1
195.2930021	1	195293.0021	DIN1
196.5260068	1	196526.0068	DIN2
197.8090013	1	197809.0013	DIN1
198.9590051	1	198959.0051	DIN1
200.1260074	1	200126.0074	DIN1
201.2929997	1	201292.9997	DIN1
202.5260045	1	202526.0045	DIN1
203.5420018	1	203542.0018	DIN2
204.5420064	1	204542.0064	DIN1
205.6920002	1	205692.0002	DIN1
215.3249996	1	215324.9996	DIN1
216.5920014	1	216592.0014	DIN2
217.5900044	1	217590.0044	D221
217.675007	1	217675.007	DIN1
218.9250002	1	218925.0002	DIN1
220.1420023	1	220142.0023	DIN1
221.3420058	1	221342.0058	DIN1
222.4250014	1	222425.0014	DIN2
223.6910074	1	223691.0074	DIN1
224.7080004	1	224708.0004	DIN1
225.7580048	1	225758.0048	DIN1
226.9580084	1	226958.0084	DIN1
227.9750014	1	227975.0014	DIN1
229.2740087	1	229274.0087	DIN1
230.5580089	1	230558.0089	DIN2
231.5740062	1	231574.0062	DIN1
232.7080073	1	232708.0073	DIN1
233.7740044	1	233774.0044	DIN1
235.0080049	1	235008.0049	DIN1
236.2910094	1	236291.0094	DIN1
237.4570059	1	237457.0059	DIN1
238.557	1	238557	DIN1
239.774002	1	239774.002	DIN1
240.8740061	1	240874.0061	DIN1
242.0739996	1	242073.9996	DIN2
243.2570046	1	243257.0046	DIN1
244.5070079	1	244507.0079	DIN1
245.6570017	1	245657.0017	DIN1
246.7570058	1	246757.0058	DIN1
247.7570003	1	247757.0003	DIN2
248.8070047	1	248807.0047	DIN1
249.8570091	1	249857.0091	DIN1
250.9570031	1	250957.0031	DIN1
251.9730004	1	251973.0004	DIN1
253.2400022	1	253240.0022	DIN1
257.6400085	1	257640.0085	DIN1
258.9060044	1	258906.0044	DIN1
260.1730062	1	260173.0062	DIN1
261.2900088	1	261290.0088	DIN2
262.3730043	1	262373.0043	DIN1
263.5890006	1	263589.0006	DIN1
264.7560029	1	264756.0029	DIN1
265.8060073	1	265806.0073	DIN1
266.956001	1	266956.001	DIN1
268.1560046	1	268156.0046	DIN2
269.2390001	1	269239.0001	DIN1
270.4720049	1	270472.0049	DIN1
271.6560057	1	271656.0057	DIN1
272.7559997	1	272755.9997	DIN2
273.7890056	1	273789.0056	DIN1
275.0390089	1	275039.0089	DIN1
276.1060017	1	276106.0017	DIN1
277.239007	1	277239.007	DIN1
278.2390016	1	278239.0016	DIN1
279.3050087	1	279305.0087	DIN1
280.3050032	1	280305.0032	DIN1
281.4390043	1	281439.0043	DIN2
282.5719996	1	282571.9996	DIN1
283.8380056	1	283838.0056	DIN1
285.1220059	1	285122.0059	DIN1
286.2719996	1	286271.9996	DIN1
287.405005	1	287405.005	DIN1
288.5050091	1	288505.0091	DIN2
289.4610087	1	289461.0087	D221
289.5380049	1	289538.0049	DIN1
290.7220057	1	290722.0057	DIN1
291.9380019	1	291938.0019	DIN1
293.1710067	1	293171.0067	DIN2
294.0999998	1	294099.9998	D221
294.1879998	1	294187.9998	DIN1
295.3550021	1	295355.0021	DIN1
302.0040004	1	302004.0004	DIN1
303.0540048	1	303054.0048	DIN2
304.1210076	1	304121.0076	DIN1
305.3540024	1	305354.0024	DIN1
306.471005	1	306471.005	DIN1
307.5540005	1	307554.0005	DIN1
308.6040048	1	308604.0048	DIN1
309.7040089	1	309704.0089	DIN1
310.8710012	1	310871.0012	DIN1
312.070009	1	312070.009	DIN1
313.0870021	1	313087.0021	DIN2
314.3540038	1	314354.0038	DIN1
315.4870092	1	315487.0092	DIN1
316.6540014	1	316654.0014	DIN1
317.8870062	1	317887.0062	DIN1
318.9530032	1	318953.0032	DIN1
320.0870043	1	320087.0043	DIN1
321.3200091	1	321320.0091	DIN1
322.3200037	1	322320.0037	DIN2
323.487006	1	323487.006	DIN1
324.7030022	1	324703.0022	DIN1
325.936007	1	325936.007	DIN1
327.036001	1	327036.001	DIN1
328.1200024	1	328120.0024	DIN2
329.3700057	1	329370.0057	DIN1
330.5530007	1	330553.0007	DIN1
331.7030045	1	331703.0045	DIN1
333.0030075	1	333003.0075	DIN2
334.2190037	1	334219.0037	DIN1
335.503004	1	335503.004	DIN1
336.5359998	1	336535.9998	DIN1
337.8030016	1	337803.0016	DIN1
338.8190089	1	338819.0089	DIN2
340.0860007	1	340086.0007	DIN1
349.5520024	1	349552.0024	DIN1
350.8350069	1	350835.0069	DIN2
352.0850001	1	352085.0001	DIN1
353.3680047	1	353368.0047	DIN1
354.4350075	1	354435.0075	DIN1
355.4680033	1	355468.0033	DIN1
356.6680069	1	356668.0069	DIN1
357.7520082	1	357752.0082	DIN2
358.8440059	1	358844.0059	D221
358.9180047	1	358918.0047	DIN1
360.1350068	1	360135.0068	DIN1
361.3180018	1	361318.0018	DIN1
362.5850035	1	362585.0035	DIN1
363.8180083	1	363818.0083	DIN1
365.0010033	1	365001.0033	DIN2
366.1180059	1	366118.0059	D221
366.2010069	1	366201.0069	DIN1
367.3510006	1	367351.0006	DIN1
368.3680038	1	368368.0038	DIN1
369.4340008	1	369434.0008	DIN1
370.5840046	1	370584.0046	DIN1
371.8180052	1	371818.0052	DIN2
372.7600037	1	372760.0037	D221
372.851001	1	372851.001	DIN1
373.8840068	1	373884.0068	DIN1
375.0670018	1	375067.0018	DIN1
376.3010024	1	376301.0024	DIN1
377.4170092	1	377417.0092	DIN2
378.5170032	1	378517.0032	DIN1
379.5340064	1	379534.0064	DIN1
380.6340004	1	380634.0004	DIN1
381.8170054	1	381817.0054	DIN1
383.017009	1	383017.009	DIN1
384.0500048	1	384050.0048	DIN1
385.3170066	1	385317.0066	DIN2
386.4840089	1	386484.0089	DIN1
387.7670033	1	387767.0033	DIN1
405.6829995	1	405682.9995	DIN1
406.9490055	1	406949.0055	DIN1
408.1820002	1	408182.0002	DIN1
409.3320041	1	409332.0041	DIN1
410.5160049	1	410516.0049	DIN1
411.5660092	1	411566.0092	DIN1
412.8490037	1	412849.0037	DIN1
414.0820085	1	414082.0085	DIN1
415.0990015	1	415099.0015	DIN2
416.1650086	1	416165.0086	DIN1
417.2820012	1	417282.0012	DIN1
418.5320044	1	418532.0044	DIN1
419.5320091	1	419532.0091	DIN2
420.5650049	1	420565.0049	DIN1
421.582008	1	421582.008	DIN1
422.8320012	1	422832.0012	DIN1
424.0320048	1	424032.0048	DIN1
425.3150093	1	425315.0093	DIN1
426.4820016	1	426482.0016	DIN2
427.5820057	1	427582.0057	DIN1
428.7980019	1	428798.0019	DIN1
429.8650047	1	429865.0047	DIN2
430.9650088	1	430965.0088	DIN1
432.2650018	1	432265.0018	DIN1
433.2980076	1	433298.0076	DIN1
434.4810026	1	434481.0026	DIN1
435.6980047	1	435698.0047	DIN2
436.8530075	1	436853.0075	D221
436.9310095	1	436931.0095	DIN1
438.048002	1	438048.002	DIN1
439.314008	1	439314.008	DIN1
440.4810003	1	440481.0003	DIN2
441.5350078	1	441535.0078	D221
441.6140056	1	441614.0056	DIN1
442.8140091	1	442814.0091	DIN1
443.8310022	1	443831.0022	DIN1
