name	type	units
E1	EEG	uV
E2	EEG	uV
E3	EEG	uV
E4	EEG	uV
E5	EEG	uV
E6	EEG	uV
E7	EEG	uV
E8	EEG	uV
E9	EEG	uV
E10	EEG	uV
E11	EEG	uV
E12	EEG	uV
E13	EEG	uV
E14	EEG	uV
E15	EEG	uV
E16	EEG	uV
E17	EEG	uV
E18	EEG	uV
E19	EEG	uV
E20	EEG	uV
E21	EEG	uV
E22	EEG	uV
E23	EEG	uV
E24	EEG	uV
E25	EEG	uV
E26	EEG	uV
E27	EEG	uV
E28	EEG	uV
E29	EEG	uV
E30	EEG	uV
E31	EEG	uV
E32	EEG	uV
E33	EEG	uV
E34	EEG	uV
E35	EEG	uV
E36	EEG	uV
E37	EEG	uV
E38	EEG	uV
E39	EEG	uV
E40	EEG	uV
E41	EEG	uV
E42	EEG	uV
E43	EEG	uV
E44	EEG	uV
E45	EEG	uV
E46	EEG	uV
E47	EEG	uV
E48	EEG	uV
E49	EEG	uV
E50	EEG	uV
E51	EEG	uV
E52	EEG	uV
E53	EEG	uV
E54	EEG	uV
E55	EEG	uV
E56	EEG	uV
E57	EEG	uV
E58	EEG	uV
E59	EEG	uV
E60	EEG	uV
E61	EEG	uV
E62	EEG	uV
E63	EEG	uV
E64	EEG	uV
E65	EEG	uV
E66	EEG	uV
E67	EEG	uV
E68	EEG	uV
E69	EEG	uV
E70	EEG	uV
E71	EEG	uV
E72	EEG	uV
E73	EEG	uV
E74	EEG	uV
E75	EEG	uV
E76	EEG	uV
E77	EEG	uV
E78	EEG	uV
E79	EEG	uV
E80	EEG	uV
E81	EEG	uV
E82	EEG	uV
E83	EEG	uV
E84	EEG	uV
E85	EEG	uV
E86	EEG	uV
E87	EEG	uV
E88	EEG	uV
E89	EEG	uV
E90	EEG	uV
E91	EEG	uV
E92	EEG	uV
E93	EEG	uV
E94	EEG	uV
E95	EEG	uV
E96	EEG	uV
E97	EEG	uV
E98	EEG	uV
E99	EEG	uV
E100	EEG	uV
E101	EEG	uV
E102	EEG	uV
E103	EEG	uV
E104	EEG	uV
E105	EEG	uV
E106	EEG	uV
E107	EEG	uV
E108	EEG	uV
E109	EEG	uV
E110	EEG	uV
E111	EEG	uV
E112	EEG	uV
E113	EEG	uV
E114	EEG	uV
E115	EEG	uV
E116	EEG	uV
E117	EEG	uV
E118	EEG	uV
E119	EEG	uV
E120	EEG	uV
E121	EEG	uV
E122	EEG	uV
E123	EEG	uV
E124	EEG	uV
E125	EEG	uV
E126	EEG	uV
E127	EEG	uV
E128	EEG	uV
E129	EEG	uV
E130	EEG	uV
E131	EEG	uV
E132	EEG	uV
E133	EEG	uV
E134	EEG	uV
E135	EEG	uV
E136	EEG	uV
E137	EEG	uV
E138	EEG	uV
E139	EEG	uV
E140	EEG	uV
E141	EEG	uV
E142	EEG	uV
E143	EEG	uV
E144	EEG	uV
E145	EEG	uV
E146	EEG	uV
E147	EEG	uV
E148	EEG	uV
E149	EEG	uV
E150	EEG	uV
E151	EEG	uV
E152	EEG	uV
E153	EEG	uV
E154	EEG	uV
E155	EEG	uV
E156	EEG	uV
E157	EEG	uV
E158	EEG	uV
E159	EEG	uV
E160	EEG	uV
E161	EEG	uV
E162	EEG	uV
E163	EEG	uV
E164	EEG	uV
E165	EEG	uV
E166	EEG	uV
E167	EEG	uV
E168	EEG	uV
E169	EEG	uV
E170	EEG	uV
E171	EEG	uV
E172	EEG	uV
E173	EEG	uV
E174	EEG	uV
E175	EEG	uV
E176	EEG	uV
E177	EEG	uV
E178	EEG	uV
E179	EEG	uV
E180	EEG	uV
E181	EEG	uV
E182	EEG	uV
E183	EEG	uV
E184	EEG	uV
E185	EEG	uV
E186	EEG	uV
E187	EEG	uV
E188	EEG	uV
E189	EEG	uV
E190	EEG	uV
E191	EEG	uV
E192	EEG	uV
E193	EEG	uV
E194	EEG	uV
E195	EEG	uV
E196	EEG	uV
E197	EEG	uV
E198	EEG	uV
E199	EEG	uV
E200	EEG	uV
E201	EEG	uV
E202	EEG	uV
E203	EEG	uV
E204	EEG	uV
E205	EEG	uV
E206	EEG	uV
E207	EEG	uV
E208	EEG	uV
E209	EEG	uV
E210	EEG	uV
E211	EEG	uV
E212	EEG	uV
E213	EEG	uV
E214	EEG	uV
E215	EEG	uV
E216	EEG	uV
E217	EEG	uV
E218	EEG	uV
E219	EEG	uV
E220	EEG	uV
E221	EEG	uV
E222	EEG	uV
E223	EEG	uV
E224	EEG	uV
E225	EEG	uV
E226	EEG	uV
E227	EEG	uV
E228	EEG	uV
E229	EEG	uV
E230	EEG	uV
E231	EEG	uV
E232	EEG	uV
E233	EEG	uV
E234	EEG	uV
E235	EEG	uV
E236	EEG	uV
E237	EEG	uV
E238	EEG	uV
E239	EEG	uV
E240	EEG	uV
E241	EEG	uV
E242	EEG	uV
E243	EEG	uV
E244	EEG	uV
E245	EEG	uV
E246	EEG	uV
E247	EEG	uV
E248	EEG	uV
E249	EEG	uV
E250	EEG	uV
E251	EEG	uV
E252	EEG	uV
E253	EEG	uV
E254	EEG	uV
E255	EEG	uV
E256	EEG	uV
E257	EEG	uV
ECG	ECG	n/a
EMG	MISC	n/a
