channel	theta	alpha	beta	gamma	alpha_peak_freq_hz
E1	2.32434749603271	1.28180873394012	0.387203454971313	0.14177080988884	NaN
E2	1.27503716945648	0.730104684829712	0.245319873094559	0.0839504972100258	NaN
E3	0.747435450553894	0.406782418489456	0.175795793533325	0.0552070774137974	NaN
E4	0.801618278026581	0.400711715221405	0.185995474457741	0.0511195845901966	NaN
E5	1.14128041267395	0.507896304130554	0.240087062120438	0.0463724732398987	NaN
E6	1.21800518035889	0.537727773189545	0.252849608659744	0.0465076975524426	NaN
E7	1.32385361194611	0.578669786453247	0.274214297533035	0.0492066890001297	NaN
E8	1.59717893600464	0.687507390975952	0.314604699611664	0.0576734356582165	NaN
E9	1.45952188968658	0.651534140110016	0.289624989032745	0.0550696142017841	NaN
E10	1.80868446826935	0.893732964992523	0.294662296772003	0.120445393025875	NaN
E11	1.46086025238037	0.667601883411407	0.279289156198502	0.101372137665749	NaN
E12	1.33735132217407	0.596705377101898	0.267456948757172	0.0821099057793617	NaN
E13	1.29062592983246	0.575540542602539	0.260121732950211	0.072119802236557	NaN
E14	1.28000211715698	0.563963353633881	0.257475554943085	0.0652746260166168	NaN
E15	1.58992004394531	0.667168378829956	0.310285657644272	0.059920821338892	NaN
E16	1.71224009990692	0.743920683860779	0.360600233078003	0.0676545947790146	NaN
E17	1.65039598941803	0.732840776443481	0.359601020812988	0.0648229792714119	NaN
E18	1.7161740064621	0.779657959938049	0.324541479349136	0.179674312472343	NaN
E19	1.36917221546173	0.622056901454926	0.269142538309097	0.0967400744557381	NaN
E20	1.39737153053284	0.607037782669067	0.268268465995789	0.0821408927440643	NaN
E21	1.61152899265289	0.662683129310608	0.299127846956253	0.0647031515836716	NaN
E22	1.6429990530014	0.679948747158051	0.314208060503006	0.0621772818267345	NaN
E23	1.68259954452515	0.702136754989624	0.33259043097496	0.0610264278948307	NaN
E24	1.71528649330139	0.744365334510803	0.368913143873215	0.064048670232296	NaN
E25	1.35683786869049	0.64238429069519	0.25623631477356	0.114732094109058	NaN
E26	1.29958963394165	0.605255365371704	0.258089661598206	0.098672591149807	NaN
E27	1.33103799819946	0.60943341255188	0.294998228549957	0.105426698923111	NaN
E28	1.39284336566925	0.631447076797485	0.313221424818039	0.0999883189797401	NaN
E29	1.16044569015503	0.576785802841187	0.313450515270233	0.0744628608226776	NaN
E30	1.17232179641724	0.582051992416382	0.318528115749359	0.0749756097793579	NaN
E31	1.46836888790131	0.694069266319275	0.275902986526489	0.157586082816124	NaN
E32	1.31967842578888	0.622620224952698	0.280260354280472	0.164612606167793	NaN
E33	1.32335269451141	0.635905563831329	0.340841352939606	0.203180864453316	NaN
E34	1.16437673568726	0.581492006778717	0.345274806022644	0.156209141016006	NaN
E35	1.16182816028595	0.603708684444427	0.371508181095123	0.143811360001564	NaN
E36	1.09828352928162	0.57553905248642	0.321616291999817	0.094099648296833	NaN
E37	1.53190338611603	0.712168753147125	0.450688689947128	0.438452035188675	NaN
E38	1.25637245178223	0.627667367458344	0.311690539121628	0.202192395925522	NaN
E39	1.12303245067596	0.607783854007721	0.295663416385651	0.124813385307789	NaN
E40	1.0106920003891	0.557153165340424	0.305903404951096	0.0976970344781876	NaN
E41	1.03853249549866	0.562075674533844	0.322540879249573	0.102810338139534	NaN
E42	1.18638277053833	0.58855414390564	0.330252110958099	0.0760198533535004	NaN
E43	1.18180799484253	0.580430448055267	0.325995683670044	0.0728043019771576	NaN
E44	1.38840711116791	0.643065989017487	0.315423578023911	0.0644014924764633	NaN
E45	1.05725431442261	0.516466796398163	0.216094568371773	0.0425139330327511	NaN
E46	1.76694190502167	0.927584290504456	0.371269285678864	0.206625074148178	NaN
E47	1.37109756469727	0.804194629192352	0.266880244016647	0.119732022285461	NaN
E48	1.34501051902771	0.834715902805328	0.262326806783676	0.103758752346039	NaN
E49	0.847335278987885	0.63180023431778	0.214384943246841	0.0839870125055313	NaN
E50	0.762287735939026	0.509242236614227	0.240351870656013	0.095822848379612	NaN
E51	0.840066075325012	0.482946366071701	0.264422088861465	0.0888186171650887	NaN
E52	1.1335768699646	0.556541621685028	0.307547807693481	0.0754747688770294	NaN
E53	1.03357136249542	0.541926145553589	0.238707348704338	0.0534024983644485	NaN
E54	1.58946013450623	0.930100381374359	0.291990101337433	0.140296757221222	NaN
E55	1.49504590034485	0.994365453720093	0.263311386108398	0.110063321888447	NaN
E56	0.984403192996979	0.762978374958038	0.209180489182472	0.0814712941646576	NaN
E57	0.826913356781006	0.729224801063538	0.209411099553108	0.0914364084601402	NaN
E58	0.72491180896759	0.543221652507782	0.222267135977745	0.102451451122761	NaN
E59	0.649114906787872	0.434451073408127	0.210917055606842	0.0709623098373413	NaN
E60	0.763713777065277	0.440887331962585	0.209337741136551	0.0572800561785698	NaN
E61	1.47984421253204	0.957779467105865	0.242528185248375	0.0934697091579437	NaN
E62	1.18641424179077	0.916439414024353	0.211232542991638	0.077462449669838	NaN
E63	0.904940485954285	0.820610046386719	0.200381875038147	0.0783367678523064	NaN
E64	0.853918492794037	0.780015170574188	0.301360666751862	0.150449767708778	NaN
E65	0.563019514083862	0.418710261583328	0.187660157680511	0.069566048681736	NaN
E66	0.558496057987213	0.407209396362305	0.188031211495399	0.0577042959630489	NaN
E67	1.35706722736359	0.927048444747925	0.233511328697205	0.0798550844192505	NaN
E68	1.2789386510849	0.949623644351959	0.226014390587807	0.07913838326931	NaN
E69	1.0442408323288	0.919937491416931	0.218393728137016	0.0791464596986771	NaN
E70	0.777456521987915	0.717793524265289	0.194617673754692	0.0835572555661201	NaN
E71	0.410001784563065	0.347475200891495	0.139062285423279	0.0546468533575535	NaN
E72	0.482069700956345	0.369898706674576	0.166595086455345	0.0530697479844093	NaN
E73	1.70964789390564	0.972151815891266	0.300059229135513	0.0947156101465225	NaN
E74	0.677757084369659	0.608911097049713	0.159765541553497	0.0612361840903759	NaN
E75	0.387722373008728	0.30432254076004	0.132695242762566	0.0433434508740902	NaN
E76	0.45080640912056	0.353683739900589	0.155023142695427	0.0446934923529625	NaN
E77	0.544528722763062	0.414529412984848	0.183982521295547	0.0479062125086784	NaN
E78	0.609215795993805	0.445790767669678	0.201786607503891	0.0504842549562454	NaN
E79	0.807025074958801	0.531122803688049	0.233336940407753	0.0525408610701561	NaN
E80	0.850399076938629	0.490435779094696	0.183703526854515	0.0285003390163183	NaN
E81	0.674719572067261	0.351891249418259	0.126730605959892	0.0206416379660368	NaN
E82	1.33583688735962	0.775315046310425	0.296532958745956	0.0941906422376633	NaN
E83	0.327067971229553	0.254814267158508	0.113824516534805	0.0416416898369789	NaN
E84	0.346226960420609	0.272131055593491	0.121461756527424	0.0404984503984451	NaN
E85	0.384827435016632	0.306918948888779	0.135940670967102	0.0402515977621078	NaN
E86	0.624831974506378	0.534994125366211	0.23393227159977	0.0481716468930244	NaN
E87	0.810902833938599	0.672330439090729	0.294565081596375	0.053780734539032	NaN
E88	0.911883890628815	0.706251561641693	0.296719312667847	0.0510061196982861	NaN
E89	0.779945433139801	0.536559343338013	0.194854825735092	0.0207435600459576	8.30078125
E90	0.554197490215302	0.324557811021805	0.110445417463779	0.0146597465500236	NaN
E91	1.21495580673218	0.740180790424347	0.401496410369873	0.206239581108093	NaN
E92	1.10191237926483	0.676430761814117	0.353622734546661	0.153545781970024	NaN
E93	0.32483121752739	0.242826402187347	0.115960508584976	0.0459430664777756	NaN
E94	0.321781754493713	0.246301844716072	0.113838501274586	0.0421987436711788	NaN
E95	0.338407933712006	0.258143991231918	0.119687333703041	0.0397995263338089	NaN
E96	0.371820569038391	0.292561680078506	0.135501936078072	0.0385454818606377	NaN
E97	0.49376454949379	0.462660670280457	0.19840407371521	0.0309976767748594	12.20703125
E98	0.586854100227356	0.590587377548218	0.24551910161972	0.0308242924511433	12.20703125
E99	0.613029599189758	0.650199234485626	0.263853669166565	0.029156856238842	12.20703125
E100	0.642669856548309	0.525278747081757	0.224853008985519	0.0534657053649426	NaN
E101	0.433477461338043	0.362621188163757	0.231418684124947	0.161917790770531	NaN
E102	1.0001779794693	0.690570890903473	0.43074107170105	0.193618893623352	NaN
E103	0.540465116500854	0.365612953901291	0.217945232987404	0.0974112972617149	NaN
E104	0.350696682929993	0.260989874601364	0.131974816322327	0.0456307977437973	NaN
E105	0.355787307024002	0.263096004724503	0.129136204719543	0.0426326915621758	NaN
E106	0.497101932764053	0.45176488161087	0.194826990365982	0.0299062319099903	12.20703125
E107	0.546220541000366	0.545023739337921	0.226975694298744	0.028583999723196	12.20703125
E108	0.640337824821472	0.708682298660278	0.286762058734894	0.0314633101224899	12.20703125
E109	0.662532329559326	0.780843317508698	0.311117470264435	0.030707748606801	12.20703125
E110	0.490132331848145	0.46052885055542	0.320889234542847	0.220015704631805	NaN
E111	0.775671660900116	0.512619912624359	0.303920179605484	0.112943924963474	NaN
E112	0.442967236042023	0.299653559923172	0.168327927589417	0.0579710938036442	NaN
E113	0.528057098388672	0.512353360652924	0.216288447380066	0.0279346704483032	12.20703125
E114	0.536765158176422	0.523798882961273	0.218355387449265	0.0277543794363737	12.20703125
E115	0.604167759418488	0.642770648002625	0.263639152050018	0.0309019349515438	12.20703125
E116	0.720541596412659	0.88415789604187	0.350988686084747	0.0368271842598915	12.6953125
E117	0.509203910827637	0.478576183319092	0.327981650829315	0.217789933085442	NaN
E118	0.539707243442535	0.509431421756744	0.434562027454376	0.362838268280029	NaN
E119	0.454902023077011	0.430327922105789	0.358749955892563	0.309457212686539	NaN
E120	0.544512510299683	0.477867394685745	0.203338280320168	0.0257081985473633	12.20703125
E121	0.55335545539856	0.535344541072845	0.223566323518753	0.0269638821482658	12.20703125
E122	0.558672368526459	0.557488203048706	0.232553467154503	0.0273674428462982	12.20703125
E123	0.585306882858276	0.6117182970047	0.251709908246994	0.0284733548760414	12.20703125
E124	0.510201692581177	0.475372970104218	0.253192216157913	0.10380632430315	NaN
E125	0.558356106281281	0.520175993442535	0.443428874015808	0.370976179838181	NaN
E126	0.517400979995728	0.50836592912674	0.468532592058182	0.429396271705627	NaN
E127	0.431617259979248	0.415563970804214	0.402645736932755	0.3843774497509	NaN
E128	0.337275058031082	0.299387007951736	0.263241231441498	0.241238132119179	NaN
E129	0.296548992395401	0.227509170770645	0.14858865737915	0.11230943351984	NaN
E130	0.292562007904053	0.213320314884186	0.105579823255539	0.0541851632297039	NaN
E131	0.319483876228333	0.204060971736908	0.0745861977338791	0.0144614260643721	NaN
E132	0.514888346195221	0.262972414493561	0.10222303122282	0.0248396564275026	NaN
E133	0.545931577682495	0.521340131759644	0.218490093946457	0.0260242633521557	12.20703125
E134	0.549516618251801	0.528640031814575	0.221494168043137	0.0257597658783197	12.20703125
E135	0.552685022354126	0.534710884094238	0.228590369224548	0.032380435615778	12.20703125
E136	0.5462566614151	0.50064218044281	0.38456255197525	0.290488302707672	NaN
E137	0.55302107334137	0.534320294857025	0.47046834230423	0.415961384773254	NaN
E138	0.511806070804596	0.500164270401001	0.49479267001152	0.476710915565491	NaN
E139	0.421394467353821	0.408350020647049	0.42375311255455	0.420736402273178	NaN
E140	0.292736530303955	0.267301589250565	0.268896400928497	0.265665799379349	NaN
E141	0.229715958237648	0.187812507152557	0.149920329451561	0.131625920534134	NaN
E142	0.228970736265182	0.17169089615345	0.0883113294839859	0.0484477207064629	NaN
E143	0.229607954621315	0.158844277262688	0.0592071451246738	0.0128932958468795	NaN
E144	0.203004360198975	0.145050793886185	0.0569790154695511	0.0188171714544296	NaN
E145	0.548567235469818	0.519512891769409	0.218098625540733	0.0267691779881716	12.20703125
E146	0.544522881507874	0.516002297401428	0.21782012283802	0.0268593598157167	12.20703125
E147	0.648549973964691	0.588035643100739	0.509130120277405	0.439762115478516	NaN
E148	0.616228938102722	0.584601998329163	0.541425466537476	0.502219617366791	NaN
E149	0.506172239780426	0.48057696223259	0.485560238361359	0.476626187562943	NaN
E150	0.386076062917709	0.366198033094406	0.39084655046463	0.394962728023529	NaN
E151	0.263837218284607	0.241146817803383	0.253028362989426	0.255153149366379	NaN
E152	0.202523201704025	0.168323025107384	0.140165150165558	0.125698640942574	NaN
E153	0.229390993714333	0.171949788928032	0.0926606953144073	0.0534527748823166	NaN
E154	0.197629690170288	0.146966055035591	0.0567668192088604	0.0141572300344706	NaN
E155	0.189786985516548	0.144739806652069	0.0569670051336288	0.0189880020916462	NaN
E156	0.687717020511627	0.614098489284515	0.511525690555573	0.435217887163162	NaN
E157	0.72978138923645	0.653357863426208	0.559140086174011	0.504655122756958	NaN
E158	0.530225276947021	0.478092640638351	0.460106015205383	0.443396270275116	NaN
E159	0.360854268074036	0.318423718214035	0.32227411866188	0.31749439239502	NaN
E160	0.228698626160622	0.196491971611977	0.190277919173241	0.183405846357346	NaN
E161	0.284768581390381	0.219024896621704	0.158632397651672	0.125087216496468	NaN
E162	0.233529880642891	0.170667588710785	0.083560936152935	0.0410431250929832	NaN
E163	0.208964645862579	0.154773652553558	0.0605369508266449	0.0156832039356232	NaN
E164	0.179805129766464	0.142401993274689	0.0545106418430805	0.0159151516854763	NaN
E165	0.710751295089722	0.634559273719788	0.515515625476837	0.435647547245026	NaN
E166	1.42518043518066	1.14801228046417	0.619696319103241	0.381500065326691	NaN
E167	0.681769847869873	0.548929810523987	0.441178739070892	0.38429856300354	NaN
E168	0.302342653274536	0.227819100022316	0.190020054578781	0.162099272012711	NaN
E169	0.215789079666138	0.161973252892494	0.111551143229008	0.0822195932269096	NaN
E170	0.266320168972015	0.189941734075546	0.0974829345941544	0.0499857217073441	NaN
E171	0.241871893405914	0.171382278203964	0.0739865452051163	0.0248695351183414	NaN
E172	0.221429258584976	0.16092874109745	0.0614873319864273	0.0147656379267573	NaN
E173	0.179320603609085	0.140511348843575	0.0542432218790054	0.0152884935960174	NaN
E174	1.66732943058014	1.32550382614136	0.627416908740997	0.316078901290894	NaN
E175	0.657238721847534	0.484394192695618	0.484376579523087	0.450458705425262	NaN
E176	0.416702151298523	0.305066227912903	0.266135454177856	0.228983342647552	NaN
E177	0.321963787078857	0.218481004238129	0.0937778055667877	0.026976440101862	NaN
E178	0.280228614807129	0.195047155022621	0.0785276815295219	0.0189659986644983	NaN
E179	0.259764194488525	0.182280480861664	0.0713215619325638	0.0161552932113409	NaN
E180	0.212449178099632	0.158330917358398	0.0599301159381866	0.0141420848667622	NaN
E181	0.175620123744011	0.141574919223785	0.0530166476964951	0.0148030500859022	NaN
E182	0.177659213542938	0.140814900398254	0.0565548948943615	0.0200789663940668	NaN
E183	0.209400653839111	0.160414353013039	0.0665557458996773	0.0242917351424694	NaN
E184	0.284782350063324	0.178602129220963	0.0785534456372261	0.0253843944519758	NaN
E185	0.468618243932724	0.238841578364372	0.104059375822544	0.030146136879921	NaN
E186	0.953790247440338	0.435906291007996	0.188006907701492	0.0395518988370895	NaN
E187	0.672536849975586	0.463302403688431	0.388953000307083	0.315790235996246	NaN
E188	0.647435069084167	0.475112229585648	0.444778770208359	0.393372744321823	NaN
E189	0.343371033668518	0.226682186126709	0.0945490747690201	0.0236267931759357	NaN
E190	0.323813915252686	0.222550734877586	0.0882344990968704	0.0185425765812397	NaN
E191	0.291937351226807	0.204246893525124	0.0807392597198486	0.0178412757813931	NaN
E192	0.194124907255173	0.151574894785881	0.0603667572140694	0.01813630387187	NaN
E193	0.190732941031456	0.148803219199181	0.0627270042896271	0.0237144939601421	NaN
E194	0.189995348453522	0.148509323596954	0.0624335780739784	0.0235985592007637	NaN
E195	0.251041769981384	0.172226071357727	0.0735473781824112	0.0248270090669394	NaN
E196	0.276475161314011	0.179992973804474	0.0785439610481262	0.0260869357734919	NaN
E197	0.340261727571487	0.203243747353554	0.0922136902809143	0.0293534304946661	NaN
E198	0.90760338306427	0.412102818489075	0.186212986707687	0.0397430658340454	NaN
E199	0.671744585037231	0.455224424600601	0.374142378568649	0.2924485206604	NaN
E200	0.454601019620895	0.292747855186462	0.123391181230545	0.0260156448930502	NaN
E201	0.346502244472504	0.237251058220863	0.0956257805228233	0.020710326731205	NaN
E202	0.187223136425018	0.150052472949028	0.0614319331943989	0.0214550271630287	NaN
E203	0.197373449802399	0.151715412735939	0.063827708363533	0.0229570753872395	NaN
E204	0.231552869081497	0.162271156907082	0.0694780200719833	0.0241051074117422	NaN
E205	0.310832560062408	0.190237000584602	0.0839464217424393	0.0265789031982422	NaN
E206	0.359443992376328	0.211251690983772	0.094807967543602	0.0285570118576288	NaN
E207	0.779623448848724	0.380964457988739	0.180375501513481	0.0366881936788559	NaN
E208	0.575228154659271	0.362371563911438	0.158072412014008	0.0366643816232681	NaN
E209	0.380052536725998	0.26615035533905	0.106741435825825	0.0272598695009947	NaN
E210	1.58624184131622	1.24810588359833	0.287569046020508	0.0749329775571823	NaN
E211	0.297319382429123	0.19158510863781	0.084132231771946	0.0265279337763786	NaN
E212	0.312325537204742	0.19753098487854	0.0885974615812302	0.0286078825592995	NaN
E213	0.357747912406921	0.21651329100132	0.0983719304203987	0.0305370520800352	NaN
E214	0.632521629333496	0.325987309217453	0.151907861232758	0.0344744436442852	NaN
E215	0.806299328804016	0.395684748888016	0.188776701688766	0.0399422720074654	NaN
E216	0.786289989948273	0.478565961122513	0.195782274007797	0.0509155541658401	NaN
E217	1.27071607112885	0.771600902080536	0.266455978155136	0.0696833431720734	NaN
E218	1.39724826812744	0.880871832370758	0.275811433792114	0.0756431296467781	NaN
E219	1.59271478652954	1.07887065410614	0.279378980398178	0.0797716379165649	NaN
E220	1.65896368026733	1.08563935756683	0.290356427431107	0.0898286104202271	NaN
E221	1.23483085632324	0.727898180484772	0.237944155931473	0.0808805003762245	NaN
E222	0.450671553611755	0.254743784666061	0.114458441734314	0.0300798360258341	NaN
E223	0.603685796260834	0.312091380357742	0.145662680268288	0.0348619408905506	NaN
E224	0.673620045185089	0.336213707923889	0.15816842019558	0.0349779203534126	NaN
