name	type	units	low_cutoff	high_cutoff	description	sampling_frequency	status	status_description
MEG 0113	MEGGRADPLANAR	T/m	0.10000000149011612	172.17630004882812	Planar Gradiometer	600.614990234375	good	n/a
MEG 0112	MEGGRADPLANAR	T/m	0.10000000149011612	172.17630004882812	Planar Gradiometer	600.614990234375	good	n/a
MEG 0111	MEGMAG	T	0.10000000149011612	172.17630004882812	Magnetometer	600.614990234375	good	n/a
MEG 0122	MEGGRADPLANAR	T/m	0.10000000149011612	172.17630004882812	Planar Gradiometer	600.614990234375	good	n/a
MEG 0123	MEGGRADPLANAR	T/m	0.10000000149011612	172.17630004882812	Planar Gradiometer	600.614990234375	good	n/a
MEG 0121	MEGMAG	T	0.10000000149011612	172.17630004882812	Magnetometer	600.614990234375	good	n/a
MEG 0132	MEGGRADPLANAR	T/m	0.10000000149011612	172.17630004882812	Planar Gradiometer	600.614990234375	good	n/a
MEG 0133	MEGGRADPLANAR	T/m	0.10000000149011612	172.17630004882812	Planar Gradiometer	600.614990234375	good	n/a
MEG 0131	MEGMAG	T	0.10000000149011612	172.17630004882812	Magnetometer	600.614990234375	good	n/a
MEG 0143	MEGGRADPLANAR	T/m	0.10000000149011612	172.17630004882812	Planar Gradiometer	600.614990234375	good	n/a
MEG 0142	MEGGRADPLANAR	T/m	0.10000000149011612	172.17630004882812	Planar Gradiometer	600.614990234375	good	n/a
MEG 0141	MEGMAG	T	0.10000000149011612	172.17630004882812	Magnetometer	600.614990234375	good	n/a
MEG 0213	MEGGRADPLANAR	T/m	0.10000000149011612	172.17630004882812	Planar Gradiometer	600.614990234375	good	n/a
MEG 0212	MEGGRADPLANAR	T/m	0.10000000149011612	172.17630004882812	Planar Gradiometer	600.614990234375	good	n/a
MEG 0211	MEGMAG	T	0.10000000149011612	172.17630004882812	Magnetometer	600.614990234375	good	n/a
MEG 0222	MEGGRADPLANAR	T/m	0.10000000149011612	172.17630004882812	Planar Gradiometer	600.614990234375	good	n/a
MEG 0223	MEGGRADPLANAR	T/m	0.10000000149011612	172.17630004882812	Planar Gradiometer	600.614990234375	good	n/a
MEG 0221	MEGMAG	T	0.10000000149011612	172.17630004882812	Magnetometer	600.614990234375	good	n/a
MEG 0232	MEGGRADPLANAR	T/m	0.10000000149011612	172.17630004882812	Planar Gradiometer	600.614990234375	good	n/a
MEG 0233	MEGGRADPLANAR	T/m	0.10000000149011612	172.17630004882812	Planar Gradiometer	600.614990234375	good	n/a
MEG 0231	MEGMAG	T	0.10000000149011612	172.17630004882812	Magnetometer	600.614990234375	good	n/a
MEG 0243	MEGGRADPLANAR	T/m	0.10000000149011612	172.17630004882812	Planar Gradiometer	600.614990234375	good	n/a
MEG 0242	MEGGRADPLANAR	T/m	0.10000000149011612	172.17630004882812	Planar Gradiometer	600.614990234375	good	n/a
MEG 0241	MEGMAG	T	0.10000000149011612	172.17630004882812	Magnetometer	600.614990234375	good	n/a
MEG 0313	MEGGRADPLANAR	T/m	0.10000000149011612	172.17630004882812	Planar Gradiometer	600.614990234375	good	n/a
MEG 0312	MEGGRADPLANAR	T/m	0.10000000149011612	172.17630004882812	Planar Gradiometer	600.614990234375	good	n/a
MEG 0311	MEGMAG	T	0.10000000149011612	172.17630004882812	Magnetometer	600.614990234375	good	n/a
MEG 0322	MEGGRADPLANAR	T/m	0.10000000149011612	172.17630004882812	Planar Gradiometer	600.614990234375	good	n/a
MEG 0323	MEGGRADPLANAR	T/m	0.10000000149011612	172.17630004882812	Planar Gradiometer	600.614990234375	good	n/a
MEG 0321	MEGMAG	T	0.10000000149011612	172.17630004882812	Magnetometer	600.614990234375	good	n/a
MEG 0333	MEGGRADPLANAR	T/m	0.10000000149011612	172.17630004882812	Planar Gradiometer	600.614990234375	good	n/a
MEG 0332	MEGGRADPLANAR	T/m	0.10000000149011612	172.17630004882812	Planar Gradiometer	600.614990234375	good	n/a
MEG 0331	MEGMAG	T	0.10000000149011612	172.17630004882812	Magnetometer	600.614990234375	good	n/a
MEG 0343	MEGGRADPLANAR	T/m	0.10000000149011612	172.17630004882812	Planar Gradiometer	600.614990234375	good	n/a
MEG 0342	MEGGRADPLANAR	T/m	0.10000000149011612	172.17630004882812	Planar Gradiometer	600.614990234375	good	n/a
MEG 0341	MEGMAG	T	0.10000000149011612	172.17630004882812	Magnetometer	600.614990234375	good	n/a
MEG 0413	MEGGRADPLANAR	T/m	0.10000000149011612	172.17630004882812	Planar Gradiometer	600.614990234375	good	n/a
MEG 0412	MEGGRADPLANAR	T/m	0.10000000149011612	172.17630004882812	Planar Gradiometer	600.614990234375	good	n/a
MEG 0411	MEGMAG	T	0.10000000149011612	172.17630004882812	Magnetometer	600.614990234375	good	n/a
MEG 0422	MEGGRADPLANAR	T/m	0.10000000149011612	172.17630004882812	Planar Gradiometer	600.614990234375	good	n/a
MEG 0423	MEGGRADPLANAR	T/m	0.10000000149011612	172.17630004882812	Planar Gradiometer	600.614990234375	good	n/a
MEG 0421	MEGMAG	T	0.10000000149011612	172.17630004882812	Magnetometer	600.614990234375	good	n/a
MEG 0432	MEGGRADPLANAR	T/m	0.10000000149011612	172.17630004882812	Planar Gradiometer	600.614990234375	good	n/a
MEG 0433	MEGGRADPLANAR	T/m	0.10000000149011612	172.17630004882812	Planar Gradiometer	600.614990234375	good	n/a
MEG 0431	MEGMAG	T	0.10000000149011612	172.17630004882812	Magnetometer	600.614990234375	good	n/a
MEG 0443	MEGGRADPLANAR	T/m	0.10000000149011612	172.17630004882812	Planar Gradiometer	600.614990234375	good	n/a
MEG 0442	MEGGRADPLANAR	T/m	0.10000000149011612	172.17630004882812	Planar Gradiometer	600.614990234375	good	n/a
MEG 0441	MEGMAG	T	0.10000000149011612	172.17630004882812	Magnetometer	600.614990234375	good	n/a
MEG 0513	MEGGRADPLANAR	T/m	0.10000000149011612	172.17630004882812	Planar Gradiometer	600.614990234375	good	n/a
MEG 0512	MEGGRADPLANAR	T/m	0.10000000149011612	172.17630004882812	Planar Gradiometer	600.614990234375	good	n/a
MEG 0511	MEGMAG	T	0.10000000149011612	172.17630004882812	Magnetometer	600.614990234375	good	n/a
MEG 0523	MEGGRADPLANAR	T/m	0.10000000149011612	172.17630004882812	Planar Gradiometer	600.614990234375	good	n/a
MEG 0522	MEGGRADPLANAR	T/m	0.10000000149011612	172.17630004882812	Planar Gradiometer	600.614990234375	good	n/a
MEG 0521	MEGMAG	T	0.10000000149011612	172.17630004882812	Magnetometer	600.614990234375	good	n/a
MEG 0532	MEGGRADPLANAR	T/m	0.10000000149011612	172.17630004882812	Planar Gradiometer	600.614990234375	good	n/a
MEG 0533	MEGGRADPLANAR	T/m	0.10000000149011612	172.17630004882812	Planar Gradiometer	600.614990234375	good	n/a
MEG 0531	MEGMAG	T	0.10000000149011612	172.17630004882812	Magnetometer	600.614990234375	good	n/a
MEG 0542	MEGGRADPLANAR	T/m	0.10000000149011612	172.17630004882812	Planar Gradiometer	600.614990234375	good	n/a
MEG 0543	MEGGRADPLANAR	T/m	0.10000000149011612	172.17630004882812	Planar Gradiometer	600.614990234375	good	n/a
MEG 0541	MEGMAG	T	0.10000000149011612	172.17630004882812	Magnetometer	600.614990234375	good	n/a
MEG 0613	MEGGRADPLANAR	T/m	0.10000000149011612	172.17630004882812	Planar Gradiometer	600.614990234375	good	n/a
MEG 0612	MEGGRADPLANAR	T/m	0.10000000149011612	172.17630004882812	Planar Gradiometer	600.614990234375	good	n/a
MEG 0611	MEGMAG	T	0.10000000149011612	172.17630004882812	Magnetometer	600.614990234375	good	n/a
MEG 0622	MEGGRADPLANAR	T/m	0.10000000149011612	172.17630004882812	Planar Gradiometer	600.614990234375	good	n/a
MEG 0623	MEGGRADPLANAR	T/m	0.10000000149011612	172.17630004882812	Planar Gradiometer	600.614990234375	good	n/a
MEG 0621	MEGMAG	T	0.10000000149011612	172.17630004882812	Magnetometer	600.614990234375	good	n/a
MEG 0633	MEGGRADPLANAR	T/m	0.10000000149011612	172.17630004882812	Planar Gradiometer	600.614990234375	good	n/a
MEG 0632	MEGGRADPLANAR	T/m	0.10000000149011612	172.17630004882812	Planar Gradiometer	600.614990234375	good	n/a
MEG 0631	MEGMAG	T	0.10000000149011612	172.17630004882812	Magnetometer	600.614990234375	good	n/a
MEG 0642	MEGGRADPLANAR	T/m	0.10000000149011612	172.17630004882812	Planar Gradiometer	600.614990234375	good	n/a
MEG 0643	MEGGRADPLANAR	T/m	0.10000000149011612	172.17630004882812	Planar Gradiometer	600.614990234375	good	n/a
MEG 0641	MEGMAG	T	0.10000000149011612	172.17630004882812	Magnetometer	600.614990234375	good	n/a
MEG 0713	MEGGRADPLANAR	T/m	0.10000000149011612	172.17630004882812	Planar Gradiometer	600.614990234375	good	n/a
MEG 0712	MEGGRADPLANAR	T/m	0.10000000149011612	172.17630004882812	Planar Gradiometer	600.614990234375	good	n/a
MEG 0711	MEGMAG	T	0.10000000149011612	172.17630004882812	Magnetometer	600.614990234375	good	n/a
MEG 0723	MEGGRADPLANAR	T/m	0.10000000149011612	172.17630004882812	Planar Gradiometer	600.614990234375	good	n/a
MEG 0722	MEGGRADPLANAR	T/m	0.10000000149011612	172.17630004882812	Planar Gradiometer	600.614990234375	good	n/a
MEG 0721	MEGMAG	T	0.10000000149011612	172.17630004882812	Magnetometer	600.614990234375	good	n/a
MEG 0733	MEGGRADPLANAR	T/m	0.10000000149011612	172.17630004882812	Planar Gradiometer	600.614990234375	good	n/a
MEG 0732	MEGGRADPLANAR	T/m	0.10000000149011612	172.17630004882812	Planar Gradiometer	600.614990234375	good	n/a
MEG 0731	MEGMAG	T	0.10000000149011612	172.17630004882812	Magnetometer	600.614990234375	good	n/a
MEG 0743	MEGGRADPLANAR	T/m	0.10000000149011612	172.17630004882812	Planar Gradiometer	600.614990234375	good	n/a
MEG 0742	MEGGRADPLANAR	T/m	0.10000000149011612	172.17630004882812	Planar Gradiometer	600.614990234375	good	n/a
MEG 0741	MEGMAG	T	0.10000000149011612	172.17630004882812	Magnetometer	600.614990234375	good	n/a
MEG 0813	MEGGRADPLANAR	T/m	0.10000000149011612	172.17630004882812	Planar Gradiometer	600.614990234375	good	n/a
MEG 0812	MEGGRADPLANAR	T/m	0.10000000149011612	172.17630004882812	Planar Gradiometer	600.614990234375	good	n/a
MEG 0811	MEGMAG	T	0.10000000149011612	172.17630004882812	Magnetometer	600.614990234375	good	n/a
MEG 0822	MEGGRADPLANAR	T/m	0.10000000149011612	172.17630004882812	Planar Gradiometer	600.614990234375	good	n/a
MEG 0823	MEGGRADPLANAR	T/m	0.10000000149011612	172.17630004882812	Planar Gradiometer	600.614990234375	good	n/a
MEG 0821	MEGMAG	T	0.10000000149011612	172.17630004882812	Magnetometer	600.614990234375	good	n/a
MEG 0913	MEGGRADPLANAR	T/m	0.10000000149011612	172.17630004882812	Planar Gradiometer	600.614990234375	good	n/a
MEG 0912	MEGGRADPLANAR	T/m	0.10000000149011612	172.17630004882812	Planar Gradiometer	600.614990234375	good	n/a
MEG 0911	MEGMAG	T	0.10000000149011612	172.17630004882812	Magnetometer	600.614990234375	good	n/a
MEG 0923	MEGGRADPLANAR	T/m	0.10000000149011612	172.17630004882812	Planar Gradiometer	600.614990234375	good	n/a
MEG 0922	MEGGRADPLANAR	T/m	0.10000000149011612	172.17630004882812	Planar Gradiometer	600.614990234375	good	n/a
MEG 0921	MEGMAG	T	0.10000000149011612	172.17630004882812	Magnetometer	600.614990234375	good	n/a
MEG 0932	MEGGRADPLANAR	T/m	0.10000000149011612	172.17630004882812	Planar Gradiometer	600.614990234375	good	n/a
MEG 0933	MEGGRADPLANAR	T/m	0.10000000149011612	172.17630004882812	Planar Gradiometer	600.614990234375	good	n/a
MEG 0931	MEGMAG	T	0.10000000149011612	172.17630004882812	Magnetometer	600.614990234375	good	n/a
MEG 0942	MEGGRADPLANAR	T/m	0.10000000149011612	172.17630004882812	Planar Gradiometer	600.614990234375	good	n/a
MEG 0943	MEGGRADPLANAR	T/m	0.10000000149011612	172.17630004882812	Planar Gradiometer	600.614990234375	good	n/a
MEG 0941	MEGMAG	T	0.10000000149011612	172.17630004882812	Magnetometer	600.614990234375	good	n/a
MEG 1013	MEGGRADPLANAR	T/m	0.10000000149011612	172.17630004882812	Planar Gradiometer	600.614990234375	good	n/a
MEG 1012	MEGGRADPLANAR	T/m	0.10000000149011612	172.17630004882812	Planar Gradiometer	600.614990234375	good	n/a
MEG 1011	MEGMAG	T	0.10000000149011612	172.17630004882812	Magnetometer	600.614990234375	good	n/a
MEG 1023	MEGGRADPLANAR	T/m	0.10000000149011612	172.17630004882812	Planar Gradiometer	600.614990234375	good	n/a
MEG 1022	MEGGRADPLANAR	T/m	0.10000000149011612	172.17630004882812	Planar Gradiometer	600.614990234375	good	n/a
MEG 1021	MEGMAG	T	0.10000000149011612	172.17630004882812	Magnetometer	600.614990234375	good	n/a
MEG 1032	MEGGRADPLANAR	T/m	0.10000000149011612	172.17630004882812	Planar Gradiometer	600.614990234375	good	n/a
MEG 1033	MEGGRADPLANAR	T/m	0.10000000149011612	172.17630004882812	Planar Gradiometer	600.614990234375	good	n/a
MEG 1031	MEGMAG	T	0.10000000149011612	172.17630004882812	Magnetometer	600.614990234375	good	n/a
MEG 1043	MEGGRADPLANAR	T/m	0.10000000149011612	172.17630004882812	Planar Gradiometer	600.614990234375	good	n/a
MEG 1042	MEGGRADPLANAR	T/m	0.10000000149011612	172.17630004882812	Planar Gradiometer	600.614990234375	good	n/a
MEG 1041	MEGMAG	T	0.10000000149011612	172.17630004882812	Magnetometer	600.614990234375	good	n/a
MEG 1112	MEGGRADPLANAR	T/m	0.10000000149011612	172.17630004882812	Planar Gradiometer	600.614990234375	good	n/a
MEG 1113	MEGGRADPLANAR	T/m	0.10000000149011612	172.17630004882812	Planar Gradiometer	600.614990234375	good	n/a
MEG 1111	MEGMAG	T	0.10000000149011612	172.17630004882812	Magnetometer	600.614990234375	good	n/a
MEG 1123	MEGGRADPLANAR	T/m	0.10000000149011612	172.17630004882812	Planar Gradiometer	600.614990234375	good	n/a
MEG 1122	MEGGRADPLANAR	T/m	0.10000000149011612	172.17630004882812	Planar Gradiometer	600.614990234375	good	n/a
MEG 1121	MEGMAG	T	0.10000000149011612	172.17630004882812	Magnetometer	600.614990234375	good	n/a
MEG 1133	MEGGRADPLANAR	T/m	0.10000000149011612	172.17630004882812	Planar Gradiometer	600.614990234375	good	n/a
MEG 1132	MEGGRADPLANAR	T/m	0.10000000149011612	172.17630004882812	Planar Gradiometer	600.614990234375	good	n/a
MEG 1131	MEGMAG	T	0.10000000149011612	172.17630004882812	Magnetometer	600.614990234375	good	n/a
MEG 1142	MEGGRADPLANAR	T/m	0.10000000149011612	172.17630004882812	Planar Gradiometer	600.614990234375	good	n/a
MEG 1143	MEGGRADPLANAR	T/m	0.10000000149011612	172.17630004882812	Planar Gradiometer	600.614990234375	good	n/a
MEG 1141	MEGMAG	T	0.10000000149011612	172.17630004882812	Magnetometer	600.614990234375	good	n/a
MEG 1213	MEGGRADPLANAR	T/m	0.10000000149011612	172.17630004882812	Planar Gradiometer	600.614990234375	good	n/a
MEG 1212	MEGGRADPLANAR	T/m	0.10000000149011612	172.17630004882812	Planar Gradiometer	600.614990234375	good	n/a
MEG 1211	MEGMAG	T	0.10000000149011612	172.17630004882812	Magnetometer	600.614990234375	good	n/a
MEG 1223	MEGGRADPLANAR	T/m	0.10000000149011612	172.17630004882812	Planar Gradiometer	600.614990234375	good	n/a
MEG 1222	MEGGRADPLANAR	T/m	0.10000000149011612	172.17630004882812	Planar Gradiometer	600.614990234375	good	n/a
MEG 1221	MEGMAG	T	0.10000000149011612	172.17630004882812	Magnetometer	600.614990234375	good	n/a
MEG 1232	MEGGRADPLANAR	T/m	0.10000000149011612	172.17630004882812	Planar Gradiometer	600.614990234375	good	n/a
MEG 1233	MEGGRADPLANAR	T/m	0.10000000149011612	172.17630004882812	Planar Gradiometer	600.614990234375	good	n/a
MEG 1231	MEGMAG	T	0.10000000149011612	172.17630004882812	Magnetometer	600.614990234375	good	n/a
MEG 1243	MEGGRADPLANAR	T/m	0.10000000149011612	172.17630004882812	Planar Gradiometer	600.614990234375	good	n/a
MEG 1242	MEGGRADPLANAR	T/m	0.10000000149011612	172.17630004882812	Planar Gradiometer	600.614990234375	good	n/a
MEG 1241	MEGMAG	T	0.10000000149011612	172.17630004882812	Magnetometer	600.614990234375	good	n/a
MEG 1312	MEGGRADPLANAR	T/m	0.10000000149011612	172.17630004882812	Planar Gradiometer	600.614990234375	good	n/a
MEG 1313	MEGGRADPLANAR	T/m	0.10000000149011612	172.17630004882812	Planar Gradiometer	600.614990234375	good	n/a
MEG 1311	MEGMAG	T	0.10000000149011612	172.17630004882812	Magnetometer	600.614990234375	good	n/a
MEG 1323	MEGGRADPLANAR	T/m	0.10000000149011612	172.17630004882812	Planar Gradiometer	600.614990234375	good	n/a
MEG 1322	MEGGRADPLANAR	T/m	0.10000000149011612	172.17630004882812	Planar Gradiometer	600.614990234375	good	n/a
MEG 1321	MEGMAG	T	0.10000000149011612	172.17630004882812	Magnetometer	600.614990234375	good	n/a
MEG 1333	MEGGRADPLANAR	T/m	0.10000000149011612	172.17630004882812	Planar Gradiometer	600.614990234375	good	n/a
MEG 1332	MEGGRADPLANAR	T/m	0.10000000149011612	172.17630004882812	Planar Gradiometer	600.614990234375	good	n/a
MEG 1331	MEGMAG	T	0.10000000149011612	172.17630004882812	Magnetometer	600.614990234375	good	n/a
MEG 1342	MEGGRADPLANAR	T/m	0.10000000149011612	172.17630004882812	Planar Gradiometer	600.614990234375	good	n/a
MEG 1343	MEGGRADPLANAR	T/m	0.10000000149011612	172.17630004882812	Planar Gradiometer	600.614990234375	good	n/a
MEG 1341	MEGMAG	T	0.10000000149011612	172.17630004882812	Magnetometer	600.614990234375	good	n/a
MEG 1412	MEGGRADPLANAR	T/m	0.10000000149011612	172.17630004882812	Planar Gradiometer	600.614990234375	good	n/a
MEG 1413	MEGGRADPLANAR	T/m	0.10000000149011612	172.17630004882812	Planar Gradiometer	600.614990234375	good	n/a
MEG 1411	MEGMAG	T	0.10000000149011612	172.17630004882812	Magnetometer	600.614990234375	good	n/a
MEG 1423	MEGGRADPLANAR	T/m	0.10000000149011612	172.17630004882812	Planar Gradiometer	600.614990234375	good	n/a
MEG 1422	MEGGRADPLANAR	T/m	0.10000000149011612	172.17630004882812	Planar Gradiometer	600.614990234375	good	n/a
MEG 1421	MEGMAG	T	0.10000000149011612	172.17630004882812	Magnetometer	600.614990234375	good	n/a
MEG 1433	MEGGRADPLANAR	T/m	0.10000000149011612	172.17630004882812	Planar Gradiometer	600.614990234375	good	n/a
MEG 1432	MEGGRADPLANAR	T/m	0.10000000149011612	172.17630004882812	Planar Gradiometer	600.614990234375	good	n/a
MEG 1431	MEGMAG	T	0.10000000149011612	172.17630004882812	Magnetometer	600.614990234375	good	n/a
MEG 1442	MEGGRADPLANAR	T/m	0.10000000149011612	172.17630004882812	Planar Gradiometer	600.614990234375	good	n/a
MEG 1443	MEGGRADPLANAR	T/m	0.10000000149011612	172.17630004882812	Planar Gradiometer	600.614990234375	good	n/a
MEG 1441	MEGMAG	T	0.10000000149011612	172.17630004882812	Magnetometer	600.614990234375	good	n/a
MEG 1512	MEGGRADPLANAR	T/m	0.10000000149011612	172.17630004882812	Planar Gradiometer	600.614990234375	good	n/a
MEG 1513	MEGGRADPLANAR	T/m	0.10000000149011612	172.17630004882812	Planar Gradiometer	600.614990234375	good	n/a
MEG 1511	MEGMAG	T	0.10000000149011612	172.17630004882812	Magnetometer	600.614990234375	good	n/a
MEG 1522	MEGGRADPLANAR	T/m	0.10000000149011612	172.17630004882812	Planar Gradiometer	600.614990234375	good	n/a
MEG 1523	MEGGRADPLANAR	T/m	0.10000000149011612	172.17630004882812	Planar Gradiometer	600.614990234375	good	n/a
MEG 1521	MEGMAG	T	0.10000000149011612	172.17630004882812	Magnetometer	600.614990234375	good	n/a
MEG 1533	MEGGRADPLANAR	T/m	0.10000000149011612	172.17630004882812	Planar Gradiometer	600.614990234375	good	n/a
MEG 1532	MEGGRADPLANAR	T/m	0.10000000149011612	172.17630004882812	Planar Gradiometer	600.614990234375	good	n/a
MEG 1531	MEGMAG	T	0.10000000149011612	172.17630004882812	Magnetometer	600.614990234375	good	n/a
MEG 1543	MEGGRADPLANAR	T/m	0.10000000149011612	172.17630004882812	Planar Gradiometer	600.614990234375	good	n/a
MEG 1542	MEGGRADPLANAR	T/m	0.10000000149011612	172.17630004882812	Planar Gradiometer	600.614990234375	good	n/a
MEG 1541	MEGMAG	T	0.10000000149011612	172.17630004882812	Magnetometer	600.614990234375	good	n/a
MEG 1613	MEGGRADPLANAR	T/m	0.10000000149011612	172.17630004882812	Planar Gradiometer	600.614990234375	good	n/a
MEG 1612	MEGGRADPLANAR	T/m	0.10000000149011612	172.17630004882812	Planar Gradiometer	600.614990234375	good	n/a
MEG 1611	MEGMAG	T	0.10000000149011612	172.17630004882812	Magnetometer	600.614990234375	good	n/a
MEG 1622	MEGGRADPLANAR	T/m	0.10000000149011612	172.17630004882812	Planar Gradiometer	600.614990234375	good	n/a
MEG 1623	MEGGRADPLANAR	T/m	0.10000000149011612	172.17630004882812	Planar Gradiometer	600.614990234375	good	n/a
MEG 1621	MEGMAG	T	0.10000000149011612	172.17630004882812	Magnetometer	600.614990234375	good	n/a
MEG 1632	MEGGRADPLANAR	T/m	0.10000000149011612	172.17630004882812	Planar Gradiometer	600.614990234375	good	n/a
MEG 1633	MEGGRADPLANAR	T/m	0.10000000149011612	172.17630004882812	Planar Gradiometer	600.614990234375	good	n/a
MEG 1631	MEGMAG	T	0.10000000149011612	172.17630004882812	Magnetometer	600.614990234375	good	n/a
MEG 1643	MEGGRADPLANAR	T/m	0.10000000149011612	172.17630004882812	Planar Gradiometer	600.614990234375	good	n/a
MEG 1642	MEGGRADPLANAR	T/m	0.10000000149011612	172.17630004882812	Planar Gradiometer	600.614990234375	good	n/a
MEG 1641	MEGMAG	T	0.10000000149011612	172.17630004882812	Magnetometer	600.614990234375	good	n/a
MEG 1713	MEGGRADPLANAR	T/m	0.10000000149011612	172.17630004882812	Planar Gradiometer	600.614990234375	good	n/a
MEG 1712	MEGGRADPLANAR	T/m	0.10000000149011612	172.17630004882812	Planar Gradiometer	600.614990234375	good	n/a
MEG 1711	MEGMAG	T	0.10000000149011612	172.17630004882812	Magnetometer	600.614990234375	good	n/a
MEG 1722	MEGGRADPLANAR	T/m	0.10000000149011612	172.17630004882812	Planar Gradiometer	600.614990234375	good	n/a
MEG 1723	MEGGRADPLANAR	T/m	0.10000000149011612	172.17630004882812	Planar Gradiometer	600.614990234375	good	n/a
MEG 1721	MEGMAG	T	0.10000000149011612	172.17630004882812	Magnetometer	600.614990234375	good	n/a
MEG 1732	MEGGRADPLANAR	T/m	0.10000000149011612	172.17630004882812	Planar Gradiometer	600.614990234375	good	n/a
MEG 1733	MEGGRADPLANAR	T/m	0.10000000149011612	172.17630004882812	Planar Gradiometer	600.614990234375	good	n/a
MEG 1731	MEGMAG	T	0.10000000149011612	172.17630004882812	Magnetometer	600.614990234375	good	n/a
MEG 1743	MEGGRADPLANAR	T/m	0.10000000149011612	172.17630004882812	Planar Gradiometer	600.614990234375	good	n/a
MEG 1742	MEGGRADPLANAR	T/m	0.10000000149011612	172.17630004882812	Planar Gradiometer	600.614990234375	good	n/a
MEG 1741	MEGMAG	T	0.10000000149011612	172.17630004882812	Magnetometer	600.614990234375	good	n/a
MEG 1813	MEGGRADPLANAR	T/m	0.10000000149011612	172.17630004882812	Planar Gradiometer	600.614990234375	good	n/a
MEG 1812	MEGGRADPLANAR	T/m	0.10000000149011612	172.17630004882812	Planar Gradiometer	600.614990234375	good	n/a
MEG 1811	MEGMAG	T	0.10000000149011612	172.17630004882812	Magnetometer	600.614990234375	good	n/a
MEG 1822	MEGGRADPLANAR	T/m	0.10000000149011612	172.17630004882812	Planar Gradiometer	600.614990234375	good	n/a
MEG 1823	MEGGRADPLANAR	T/m	0.10000000149011612	172.17630004882812	Planar Gradiometer	600.614990234375	good	n/a
MEG 1821	MEGMAG	T	0.10000000149011612	172.17630004882812	Magnetometer	600.614990234375	good	n/a
MEG 1832	MEGGRADPLANAR	T/m	0.10000000149011612	172.17630004882812	Planar Gradiometer	600.614990234375	good	n/a
MEG 1833	MEGGRADPLANAR	T/m	0.10000000149011612	172.17630004882812	Planar Gradiometer	600.614990234375	good	n/a
MEG 1831	MEGMAG	T	0.10000000149011612	172.17630004882812	Magnetometer	600.614990234375	good	n/a
MEG 1843	MEGGRADPLANAR	T/m	0.10000000149011612	172.17630004882812	Planar Gradiometer	600.614990234375	good	n/a
MEG 1842	MEGGRADPLANAR	T/m	0.10000000149011612	172.17630004882812	Planar Gradiometer	600.614990234375	good	n/a
MEG 1841	MEGMAG	T	0.10000000149011612	172.17630004882812	Magnetometer	600.614990234375	good	n/a
MEG 1912	MEGGRADPLANAR	T/m	0.10000000149011612	172.17630004882812	Planar Gradiometer	600.614990234375	good	n/a
MEG 1913	MEGGRADPLANAR	T/m	0.10000000149011612	172.17630004882812	Planar Gradiometer	600.614990234375	good	n/a
MEG 1911	MEGMAG	T	0.10000000149011612	172.17630004882812	Magnetometer	600.614990234375	good	n/a
MEG 1923	MEGGRADPLANAR	T/m	0.10000000149011612	172.17630004882812	Planar Gradiometer	600.614990234375	good	n/a
MEG 1922	MEGGRADPLANAR	T/m	0.10000000149011612	172.17630004882812	Planar Gradiometer	600.614990234375	good	n/a
MEG 1921	MEGMAG	T	0.10000000149011612	172.17630004882812	Magnetometer	600.614990234375	good	n/a
MEG 1932	MEGGRADPLANAR	T/m	0.10000000149011612	172.17630004882812	Planar Gradiometer	600.614990234375	good	n/a
MEG 1933	MEGGRADPLANAR	T/m	0.10000000149011612	172.17630004882812	Planar Gradiometer	600.614990234375	good	n/a
MEG 1931	MEGMAG	T	0.10000000149011612	172.17630004882812	Magnetometer	600.614990234375	good	n/a
MEG 1943	MEGGRADPLANAR	T/m	0.10000000149011612	172.17630004882812	Planar Gradiometer	600.614990234375	good	n/a
MEG 1942	MEGGRADPLANAR	T/m	0.10000000149011612	172.17630004882812	Planar Gradiometer	600.614990234375	good	n/a
MEG 1941	MEGMAG	T	0.10000000149011612	172.17630004882812	Magnetometer	600.614990234375	good	n/a
MEG 2013	MEGGRADPLANAR	T/m	0.10000000149011612	172.17630004882812	Planar Gradiometer	600.614990234375	good	n/a
MEG 2012	MEGGRADPLANAR	T/m	0.10000000149011612	172.17630004882812	Planar Gradiometer	600.614990234375	good	n/a
MEG 2011	MEGMAG	T	0.10000000149011612	172.17630004882812	Magnetometer	600.614990234375	good	n/a
MEG 2023	MEGGRADPLANAR	T/m	0.10000000149011612	172.17630004882812	Planar Gradiometer	600.614990234375	good	n/a
MEG 2022	MEGGRADPLANAR	T/m	0.10000000149011612	172.17630004882812	Planar Gradiometer	600.614990234375	good	n/a
MEG 2021	MEGMAG	T	0.10000000149011612	172.17630004882812	Magnetometer	600.614990234375	good	n/a
MEG 2032	MEGGRADPLANAR	T/m	0.10000000149011612	172.17630004882812	Planar Gradiometer	600.614990234375	good	n/a
MEG 2033	MEGGRADPLANAR	T/m	0.10000000149011612	172.17630004882812	Planar Gradiometer	600.614990234375	good	n/a
MEG 2031	MEGMAG	T	0.10000000149011612	172.17630004882812	Magnetometer	600.614990234375	good	n/a
MEG 2042	MEGGRADPLANAR	T/m	0.10000000149011612	172.17630004882812	Planar Gradiometer	600.614990234375	good	n/a
MEG 2043	MEGGRADPLANAR	T/m	0.10000000149011612	172.17630004882812	Planar Gradiometer	600.614990234375	good	n/a
MEG 2041	MEGMAG	T	0.10000000149011612	172.17630004882812	Magnetometer	600.614990234375	good	n/a
MEG 2113	MEGGRADPLANAR	T/m	0.10000000149011612	172.17630004882812	Planar Gradiometer	600.614990234375	good	n/a
MEG 2112	MEGGRADPLANAR	T/m	0.10000000149011612	172.17630004882812	Planar Gradiometer	600.614990234375	good	n/a
MEG 2111	MEGMAG	T	0.10000000149011612	172.17630004882812	Magnetometer	600.614990234375	good	n/a
MEG 2122	MEGGRADPLANAR	T/m	0.10000000149011612	172.17630004882812	Planar Gradiometer	600.614990234375	good	n/a
MEG 2123	MEGGRADPLANAR	T/m	0.10000000149011612	172.17630004882812	Planar Gradiometer	600.614990234375	good	n/a
MEG 2121	MEGMAG	T	0.10000000149011612	172.17630004882812	Magnetometer	600.614990234375	good	n/a
MEG 2133	MEGGRADPLANAR	T/m	0.10000000149011612	172.17630004882812	Planar Gradiometer	600.614990234375	good	n/a
MEG 2132	MEGGRADPLANAR	T/m	0.10000000149011612	172.17630004882812	Planar Gradiometer	600.614990234375	good	n/a
MEG 2131	MEGMAG	T	0.10000000149011612	172.17630004882812	Magnetometer	600.614990234375	good	n/a
MEG 2143	MEGGRADPLANAR	T/m	0.10000000149011612	172.17630004882812	Planar Gradiometer	600.614990234375	good	n/a
MEG 2142	MEGGRADPLANAR	T/m	0.10000000149011612	172.17630004882812	Planar Gradiometer	600.614990234375	good	n/a
MEG 2141	MEGMAG	T	0.10000000149011612	172.17630004882812	Magnetometer	600.614990234375	good	n/a
MEG 2212	MEGGRADPLANAR	T/m	0.10000000149011612	172.17630004882812	Planar Gradiometer	600.614990234375	good	n/a
MEG 2213	MEGGRADPLANAR	T/m	0.10000000149011612	172.17630004882812	Planar Gradiometer	600.614990234375	good	n/a
MEG 2211	MEGMAG	T	0.10000000149011612	172.17630004882812	Magnetometer	600.614990234375	good	n/a
MEG 2223	MEGGRADPLANAR	T/m	0.10000000149011612	172.17630004882812	Planar Gradiometer	600.614990234375	good	n/a
MEG 2222	MEGGRADPLANAR	T/m	0.10000000149011612	172.17630004882812	Planar Gradiometer	600.614990234375	good	n/a
MEG 2221	MEGMAG	T	0.10000000149011612	172.17630004882812	Magnetometer	600.614990234375	good	n/a
MEG 2233	MEGGRADPLANAR	T/m	0.10000000149011612	172.17630004882812	Planar Gradiometer	600.614990234375	good	n/a
MEG 2232	MEGGRADPLANAR	T/m	0.10000000149011612	172.17630004882812	Planar Gradiometer	600.614990234375	good	n/a
MEG 2231	MEGMAG	T	0.10000000149011612	172.17630004882812	Magnetometer	600.614990234375	good	n/a
MEG 2242	MEGGRADPLANAR	T/m	0.10000000149011612	172.17630004882812	Planar Gradiometer	600.614990234375	good	n/a
MEG 2243	MEGGRADPLANAR	T/m	0.10000000149011612	172.17630004882812	Planar Gradiometer	600.614990234375	good	n/a
MEG 2241	MEGMAG	T	0.10000000149011612	172.17630004882812	Magnetometer	600.614990234375	good	n/a
MEG 2312	MEGGRADPLANAR	T/m	0.10000000149011612	172.17630004882812	Planar Gradiometer	600.614990234375	good	n/a
MEG 2313	MEGGRADPLANAR	T/m	0.10000000149011612	172.17630004882812	Planar Gradiometer	600.614990234375	good	n/a
MEG 2311	MEGMAG	T	0.10000000149011612	172.17630004882812	Magnetometer	600.614990234375	good	n/a
MEG 2323	MEGGRADPLANAR	T/m	0.10000000149011612	172.17630004882812	Planar Gradiometer	600.614990234375	good	n/a
MEG 2322	MEGGRADPLANAR	T/m	0.10000000149011612	172.17630004882812	Planar Gradiometer	600.614990234375	good	n/a
MEG 2321	MEGMAG	T	0.10000000149011612	172.17630004882812	Magnetometer	600.614990234375	good	n/a
MEG 2332	MEGGRADPLANAR	T/m	0.10000000149011612	172.17630004882812	Planar Gradiometer	600.614990234375	good	n/a
MEG 2333	MEGGRADPLANAR	T/m	0.10000000149011612	172.17630004882812	Planar Gradiometer	600.614990234375	good	n/a
MEG 2331	MEGMAG	T	0.10000000149011612	172.17630004882812	Magnetometer	600.614990234375	good	n/a
MEG 2343	MEGGRADPLANAR	T/m	0.10000000149011612	172.17630004882812	Planar Gradiometer	600.614990234375	good	n/a
MEG 2342	MEGGRADPLANAR	T/m	0.10000000149011612	172.17630004882812	Planar Gradiometer	600.614990234375	good	n/a
MEG 2341	MEGMAG	T	0.10000000149011612	172.17630004882812	Magnetometer	600.614990234375	good	n/a
MEG 2412	MEGGRADPLANAR	T/m	0.10000000149011612	172.17630004882812	Planar Gradiometer	600.614990234375	good	n/a
MEG 2413	MEGGRADPLANAR	T/m	0.10000000149011612	172.17630004882812	Planar Gradiometer	600.614990234375	good	n/a
MEG 2411	MEGMAG	T	0.10000000149011612	172.17630004882812	Magnetometer	600.614990234375	good	n/a
MEG 2423	MEGGRADPLANAR	T/m	0.10000000149011612	172.17630004882812	Planar Gradiometer	600.614990234375	good	n/a
MEG 2422	MEGGRADPLANAR	T/m	0.10000000149011612	172.17630004882812	Planar Gradiometer	600.614990234375	good	n/a
MEG 2421	MEGMAG	T	0.10000000149011612	172.17630004882812	Magnetometer	600.614990234375	good	n/a
MEG 2433	MEGGRADPLANAR	T/m	0.10000000149011612	172.17630004882812	Planar Gradiometer	600.614990234375	good	n/a
MEG 2432	MEGGRADPLANAR	T/m	0.10000000149011612	172.17630004882812	Planar Gradiometer	600.614990234375	good	n/a
MEG 2431	MEGMAG	T	0.10000000149011612	172.17630004882812	Magnetometer	600.614990234375	good	n/a
MEG 2442	MEGGRADPLANAR	T/m	0.10000000149011612	172.17630004882812	Planar Gradiometer	600.614990234375	good	n/a
MEG 2443	MEGGRADPLANAR	T/m	0.10000000149011612	172.17630004882812	Planar Gradiometer	600.614990234375	bad	n/a
MEG 2441	MEGMAG	T	0.10000000149011612	172.17630004882812	Magnetometer	600.614990234375	good	n/a
MEG 2512	MEGGRADPLANAR	T/m	0.10000000149011612	172.17630004882812	Planar Gradiometer	600.614990234375	good	n/a
MEG 2513	MEGGRADPLANAR	T/m	0.10000000149011612	172.17630004882812	Planar Gradiometer	600.614990234375	good	n/a
MEG 2511	MEGMAG	T	0.10000000149011612	172.17630004882812	Magnetometer	600.614990234375	good	n/a
MEG 2522	MEGGRADPLANAR	T/m	0.10000000149011612	172.17630004882812	Planar Gradiometer	600.614990234375	good	n/a
MEG 2523	MEGGRADPLANAR	T/m	0.10000000149011612	172.17630004882812	Planar Gradiometer	600.614990234375	good	n/a
MEG 2521	MEGMAG	T	0.10000000149011612	172.17630004882812	Magnetometer	600.614990234375	good	n/a
MEG 2533	MEGGRADPLANAR	T/m	0.10000000149011612	172.17630004882812	Planar Gradiometer	600.614990234375	good	n/a
MEG 2532	MEGGRADPLANAR	T/m	0.10000000149011612	172.17630004882812	Planar Gradiometer	600.614990234375	good	n/a
MEG 2531	MEGMAG	T	0.10000000149011612	172.17630004882812	Magnetometer	600.614990234375	good	n/a
MEG 2543	MEGGRADPLANAR	T/m	0.10000000149011612	172.17630004882812	Planar Gradiometer	600.614990234375	good	n/a
MEG 2542	MEGGRADPLANAR	T/m	0.10000000149011612	172.17630004882812	Planar Gradiometer	600.614990234375	good	n/a
MEG 2541	MEGMAG	T	0.10000000149011612	172.17630004882812	Magnetometer	600.614990234375	good	n/a
MEG 2612	MEGGRADPLANAR	T/m	0.10000000149011612	172.17630004882812	Planar Gradiometer	600.614990234375	good	n/a
MEG 2613	MEGGRADPLANAR	T/m	0.10000000149011612	172.17630004882812	Planar Gradiometer	600.614990234375	good	n/a
MEG 2611	MEGMAG	T	0.10000000149011612	172.17630004882812	Magnetometer	600.614990234375	good	n/a
MEG 2623	MEGGRADPLANAR	T/m	0.10000000149011612	172.17630004882812	Planar Gradiometer	600.614990234375	good	n/a
MEG 2622	MEGGRADPLANAR	T/m	0.10000000149011612	172.17630004882812	Planar Gradiometer	600.614990234375	good	n/a
MEG 2621	MEGMAG	T	0.10000000149011612	172.17630004882812	Magnetometer	600.614990234375	good	n/a
MEG 2633	MEGGRADPLANAR	T/m	0.10000000149011612	172.17630004882812	Planar Gradiometer	600.614990234375	good	n/a
MEG 2632	MEGGRADPLANAR	T/m	0.10000000149011612	172.17630004882812	Planar Gradiometer	600.614990234375	good	n/a
MEG 2631	MEGMAG	T	0.10000000149011612	172.17630004882812	Magnetometer	600.614990234375	good	n/a
MEG 2642	MEGGRADPLANAR	T/m	0.10000000149011612	172.17630004882812	Planar Gradiometer	600.614990234375	good	n/a
MEG 2643	MEGGRADPLANAR	T/m	0.10000000149011612	172.17630004882812	Planar Gradiometer	600.614990234375	good	n/a
MEG 2641	MEGMAG	T	0.10000000149011612	172.17630004882812	Magnetometer	600.614990234375	good	n/a
STI 001	TRIG	V	0.10000000149011612	172.17630004882812	Trigger	600.614990234375	good	n/a
STI 002	TRIG	V	0.10000000149011612	172.17630004882812	Trigger	600.614990234375	good	n/a
STI 003	TRIG	V	0.10000000149011612	172.17630004882812	Trigger	600.614990234375	good	n/a
STI 004	TRIG	V	0.10000000149011612	172.17630004882812	Trigger	600.614990234375	good	n/a
STI 005	TRIG	V	0.10000000149011612	172.17630004882812	Trigger	600.614990234375	good	n/a
STI 006	TRIG	V	0.10000000149011612	172.17630004882812	Trigger	600.614990234375	good	n/a
STI 014	TRIG	V	0.10000000149011612	172.17630004882812	Trigger	600.614990234375	good	n/a
STI 015	TRIG	V	0.10000000149011612	172.17630004882812	Trigger	600.614990234375	good	n/a
STI 016	TRIG	V	0.10000000149011612	172.17630004882812	Trigger	600.614990234375	good	n/a
EEG 001	EEG	V	0.10000000149011612	172.17630004882812	ElectroEncephaloGram	600.614990234375	good	n/a
EEG 002	EEG	V	0.10000000149011612	172.17630004882812	ElectroEncephaloGram	600.614990234375	good	n/a
EEG 003	EEG	V	0.10000000149011612	172.17630004882812	ElectroEncephaloGram	600.614990234375	good	n/a
EEG 004	EEG	V	0.10000000149011612	172.17630004882812	ElectroEncephaloGram	600.614990234375	good	n/a
EEG 005	EEG	V	0.10000000149011612	172.17630004882812	ElectroEncephaloGram	600.614990234375	good	n/a
EEG 006	EEG	V	0.10000000149011612	172.17630004882812	ElectroEncephaloGram	600.614990234375	good	n/a
EEG 007	EEG	V	0.10000000149011612	172.17630004882812	ElectroEncephaloGram	600.614990234375	good	n/a
EEG 008	EEG	V	0.10000000149011612	172.17630004882812	ElectroEncephaloGram	600.614990234375	good	n/a
EEG 009	EEG	V	0.10000000149011612	172.17630004882812	ElectroEncephaloGram	600.614990234375	good	n/a
EEG 010	EEG	V	0.10000000149011612	172.17630004882812	ElectroEncephaloGram	600.614990234375	good	n/a
EEG 011	EEG	V	0.10000000149011612	172.17630004882812	ElectroEncephaloGram	600.614990234375	good	n/a
EEG 012	EEG	V	0.10000000149011612	172.17630004882812	ElectroEncephaloGram	600.614990234375	good	n/a
EEG 013	EEG	V	0.10000000149011612	172.17630004882812	ElectroEncephaloGram	600.614990234375	good	n/a
EEG 014	EEG	V	0.10000000149011612	172.17630004882812	ElectroEncephaloGram	600.614990234375	good	n/a
EEG 015	EEG	V	0.10000000149011612	172.17630004882812	ElectroEncephaloGram	600.614990234375	good	n/a
EEG 016	EEG	V	0.10000000149011612	172.17630004882812	ElectroEncephaloGram	600.614990234375	good	n/a
EEG 017	EEG	V	0.10000000149011612	172.17630004882812	ElectroEncephaloGram	600.614990234375	good	n/a
EEG 018	EEG	V	0.10000000149011612	172.17630004882812	ElectroEncephaloGram	600.614990234375	good	n/a
EEG 019	EEG	V	0.10000000149011612	172.17630004882812	ElectroEncephaloGram	600.614990234375	good	n/a
EEG 020	EEG	V	0.10000000149011612	172.17630004882812	ElectroEncephaloGram	600.614990234375	good	n/a
EEG 021	EEG	V	0.10000000149011612	172.17630004882812	ElectroEncephaloGram	600.614990234375	good	n/a
EEG 022	EEG	V	0.10000000149011612	172.17630004882812	ElectroEncephaloGram	600.614990234375	good	n/a
EEG 023	EEG	V	0.10000000149011612	172.17630004882812	ElectroEncephaloGram	600.614990234375	good	n/a
EEG 024	EEG	V	0.10000000149011612	172.17630004882812	ElectroEncephaloGram	600.614990234375	good	n/a
EEG 025	EEG	V	0.10000000149011612	172.17630004882812	ElectroEncephaloGram	600.614990234375	good	n/a
EEG 026	EEG	V	0.10000000149011612	172.17630004882812	ElectroEncephaloGram	600.614990234375	good	n/a
EEG 027	EEG	V	0.10000000149011612	172.17630004882812	ElectroEncephaloGram	600.614990234375	good	n/a
EEG 028	EEG	V	0.10000000149011612	172.17630004882812	ElectroEncephaloGram	600.614990234375	good	n/a
EEG 029	EEG	V	0.10000000149011612	172.17630004882812	ElectroEncephaloGram	600.614990234375	good	n/a
EEG 030	EEG	V	0.10000000149011612	172.17630004882812	ElectroEncephaloGram	600.614990234375	good	n/a
EEG 031	EEG	V	0.10000000149011612	172.17630004882812	ElectroEncephaloGram	600.614990234375	good	n/a
EEG 032	EEG	V	0.10000000149011612	172.17630004882812	ElectroEncephaloGram	600.614990234375	good	n/a
EEG 033	EEG	V	0.10000000149011612	172.17630004882812	ElectroEncephaloGram	600.614990234375	good	n/a
EEG 034	EEG	V	0.10000000149011612	172.17630004882812	ElectroEncephaloGram	600.614990234375	good	n/a
EEG 035	EEG	V	0.10000000149011612	172.17630004882812	ElectroEncephaloGram	600.614990234375	good	n/a
EEG 036	EEG	V	0.10000000149011612	172.17630004882812	ElectroEncephaloGram	600.614990234375	good	n/a
EEG 037	EEG	V	0.10000000149011612	172.17630004882812	ElectroEncephaloGram	600.614990234375	good	n/a
EEG 038	EEG	V	0.10000000149011612	172.17630004882812	ElectroEncephaloGram	600.614990234375	good	n/a
EEG 039	EEG	V	0.10000000149011612	172.17630004882812	ElectroEncephaloGram	600.614990234375	good	n/a
EEG 040	EEG	V	0.10000000149011612	172.17630004882812	ElectroEncephaloGram	600.614990234375	good	n/a
EEG 041	EEG	V	0.10000000149011612	172.17630004882812	ElectroEncephaloGram	600.614990234375	good	n/a
EEG 042	EEG	V	0.10000000149011612	172.17630004882812	ElectroEncephaloGram	600.614990234375	good	n/a
EEG 043	EEG	V	0.10000000149011612	172.17630004882812	ElectroEncephaloGram	600.614990234375	good	n/a
EEG 044	EEG	V	0.10000000149011612	172.17630004882812	ElectroEncephaloGram	600.614990234375	good	n/a
EEG 045	EEG	V	0.10000000149011612	172.17630004882812	ElectroEncephaloGram	600.614990234375	good	n/a
EEG 046	EEG	V	0.10000000149011612	172.17630004882812	ElectroEncephaloGram	600.614990234375	good	n/a
EEG 047	EEG	V	0.10000000149011612	172.17630004882812	ElectroEncephaloGram	600.614990234375	good	n/a
EEG 048	EEG	V	0.10000000149011612	172.17630004882812	ElectroEncephaloGram	600.614990234375	good	n/a
EEG 049	EEG	V	0.10000000149011612	172.17630004882812	ElectroEncephaloGram	600.614990234375	good	n/a
EEG 050	EEG	V	0.10000000149011612	172.17630004882812	ElectroEncephaloGram	600.614990234375	good	n/a
EEG 051	EEG	V	0.10000000149011612	172.17630004882812	ElectroEncephaloGram	600.614990234375	good	n/a
EEG 052	EEG	V	0.10000000149011612	172.17630004882812	ElectroEncephaloGram	600.614990234375	good	n/a
EEG 053	EEG	V	0.10000000149011612	172.17630004882812	ElectroEncephaloGram	600.614990234375	bad	n/a
EEG 054	EEG	V	0.10000000149011612	172.17630004882812	ElectroEncephaloGram	600.614990234375	good	n/a
EEG 055	EEG	V	0.10000000149011612	172.17630004882812	ElectroEncephaloGram	600.614990234375	good	n/a
EEG 056	EEG	V	0.10000000149011612	172.17630004882812	ElectroEncephaloGram	600.614990234375	good	n/a
EEG 057	EEG	V	0.10000000149011612	172.17630004882812	ElectroEncephaloGram	600.614990234375	good	n/a
EEG 058	EEG	V	0.10000000149011612	172.17630004882812	ElectroEncephaloGram	600.614990234375	good	n/a
EEG 059	EEG	V	0.10000000149011612	172.17630004882812	ElectroEncephaloGram	600.614990234375	good	n/a
EEG 060	EEG	V	0.10000000149011612	172.17630004882812	ElectroEncephaloGram	600.614990234375	good	n/a
EOG 061	EOG	V	0.10000000149011612	172.17630004882812	ElectroOculoGram	600.614990234375	good	n/a